SrcServerID,DstServerID,BandwidthMbps,BaseLatencyMs
Server1_166,Server1_377,1.0,2000.0
Server1_377,Server1_166,1.0,2000.0
Server1_166,Server1_445,1.0,2000.0
Server1_445,Server1_166,1.0,2000.0
Server1_166,Server1_439,1.0,2000.0
Server1_439,Server1_166,1.0,2000.0
Server1_97,Server1_153,1.0,2000.0
Server1_153,Server1_97,1.0,2000.0
Server1_97,Server1_167,1.0,2000.0
Server1_167,Server1_97,1.0,2000.0
Server1_97,Server1_243,1.0,2000.0
Server1_243,Server1_97,1.0,2000.0
Server1_458,Server1_421,1.0,2000.0
Server1_421,Server1_458,1.0,2000.0
Server1_46,Server1_375,1.0,2000.0
Server1_375,Server1_46,1.0,2000.0
Server1_46,Server1_462,1.0,2000.0
Server1_462,Server1_46,1.0,2000.0
Server1_46,Server1_113,1.0,2000.0
Server1_113,Server1_46,1.0,2000.0
Server1_444,Server1_33,1.0,2000.0
Server1_33,Server1_444,1.0,2000.0
Server1_60,Server1_358,1.0,2000.0
Server1_358,Server1_60,1.0,2000.0
Server1_60,Server1_454,1.0,2000.0
Server1_454,Server1_60,1.0,2000.0
Server1_435,Server1_307,1.0,2000.0
Server1_307,Server1_435,1.0,2000.0
Server1_435,Server1_66,1.0,2000.0
Server1_66,Server1_435,1.0,2000.0
Server1_435,Server1_330,1.0,2000.0
Server1_330,Server1_435,1.0,2000.0
Server1_193,Server1_418,1.0,2000.0
Server1_418,Server1_193,1.0,2000.0
Server1_193,Server1_285,1.0,2000.0
Server1_285,Server1_193,1.0,2000.0
Server1_193,Server1_344,1.0,2000.0
Server1_344,Server1_193,1.0,2000.0
Server1_413,Server1_103,1.0,2000.0
Server1_103,Server1_413,1.0,2000.0
Server1_413,Server1_209,1.0,2000.0
Server1_209,Server1_413,1.0,2000.0
Server1_413,Server1_427,1.0,2000.0
Server1_427,Server1_413,1.0,2000.0
Server1_190,Server1_392,1.0,2000.0
Server1_392,Server1_190,1.0,2000.0
Server1_190,Server1_152,1.0,2000.0
Server1_152,Server1_190,1.0,2000.0
Server1_185,Server1_1,1.0,2000.0
Server1_1,Server1_185,1.0,2000.0
Server1_185,Server1_104,1.0,2000.0
Server1_104,Server1_185,1.0,2000.0
Server1_335,Server1_483,1.0,2000.0
Server1_483,Server1_335,1.0,2000.0
Server1_335,Server1_58,1.0,2000.0
Server1_58,Server1_335,1.0,2000.0
Server1_335,Server1_315,1.0,2000.0
Server1_315,Server1_335,1.0,2000.0
Server1_172,Server1_356,1.0,2000.0
Server1_356,Server1_172,1.0,2000.0
Server1_473,Server1_224,1.0,2000.0
Server1_224,Server1_473,1.0,2000.0
Server1_473,Server1_86,1.0,2000.0
Server1_86,Server1_473,1.0,2000.0
Server1_473,Server1_172,1.0,2000.0
Server1_172,Server1_473,1.0,2000.0
Server1_188,Server1_235,1.0,2000.0
Server1_235,Server1_188,1.0,2000.0
Server1_188,Server1_143,1.0,2000.0
Server1_143,Server1_188,1.0,2000.0
Server1_29,Server1_116,1.0,2000.0
Server1_116,Server1_29,1.0,2000.0
Server1_29,Server1_193,1.0,2000.0
Server1_193,Server1_29,1.0,2000.0
Server1_29,Server1_344,1.0,2000.0
Server1_344,Server1_29,1.0,2000.0
Server1_89,Server1_320,1.0,2000.0
Server1_320,Server1_89,1.0,2000.0
Server1_89,Server1_40,1.0,2000.0
Server1_40,Server1_89,1.0,2000.0
Server1_89,Server1_489,1.0,2000.0
Server1_489,Server1_89,1.0,2000.0
Server1_79,Server1_175,1.0,2000.0
Server1_175,Server1_79,1.0,2000.0
Server1_79,Server1_320,1.0,2000.0
Server1_320,Server1_79,1.0,2000.0
Server1_181,Server1_464,1.0,2000.0
Server1_464,Server1_181,1.0,2000.0
Server1_195,Server1_478,1.0,2000.0
Server1_478,Server1_195,1.0,2000.0
Server1_195,Server1_266,1.0,2000.0
Server1_266,Server1_195,1.0,2000.0
Server1_195,Server1_170,1.0,2000.0
Server1_170,Server1_195,1.0,2000.0
Server1_130,Server1_57,1.0,2000.0
Server1_57,Server1_130,1.0,2000.0
Server1_301,Server1_84,1.0,2000.0
Server1_84,Server1_301,1.0,2000.0
Server1_281,Server1_251,1.0,2000.0
Server1_251,Server1_281,1.0,2000.0
Server1_281,Server1_254,1.0,2000.0
Server1_254,Server1_281,1.0,2000.0
Server1_281,Server1_215,1.0,2000.0
Server1_215,Server1_281,1.0,2000.0
Server1_1,Server1_222,1.0,2000.0
Server1_222,Server1_1,1.0,2000.0
Server1_1,Server1_216,1.0,2000.0
Server1_216,Server1_1,1.0,2000.0
Server1_3,Server1_328,1.0,2000.0
Server1_328,Server1_3,1.0,2000.0
Server1_3,Server1_189,1.0,2000.0
Server1_189,Server1_3,1.0,2000.0
Server1_51,Server1_403,1.0,2000.0
Server1_403,Server1_51,1.0,2000.0
Server1_236,Server1_25,1.0,2000.0
Server1_25,Server1_236,1.0,2000.0
Server1_236,Server1_48,1.0,2000.0
Server1_48,Server1_236,1.0,2000.0
Server1_236,Server1_31,1.0,2000.0
Server1_31,Server1_236,1.0,2000.0
Server1_447,Server1_273,1.0,2000.0
Server1_273,Server1_447,1.0,2000.0
Server1_447,Server1_7,1.0,2000.0
Server1_7,Server1_447,1.0,2000.0
Server1_311,Server1_100,1.0,2000.0
Server1_100,Server1_311,1.0,2000.0
Server1_311,Server1_277,1.0,2000.0
Server1_277,Server1_311,1.0,2000.0
Server1_380,Server1_139,1.0,2000.0
Server1_139,Server1_380,1.0,2000.0
Server1_21,Server1_442,1.0,2000.0
Server1_442,Server1_21,1.0,2000.0
Server1_489,Server1_32,1.0,2000.0
Server1_32,Server1_489,1.0,2000.0
Server1_121,Server1_114,1.0,2000.0
Server1_114,Server1_121,1.0,2000.0
Server1_121,Server1_67,1.0,2000.0
Server1_67,Server1_121,1.0,2000.0
Server1_121,Server1_277,1.0,2000.0
Server1_277,Server1_121,1.0,2000.0
Server1_228,Server1_168,1.0,2000.0
Server1_168,Server1_228,1.0,2000.0
Server1_228,Server1_354,1.0,2000.0
Server1_354,Server1_228,1.0,2000.0
Server1_68,Server1_409,1.0,2000.0
Server1_409,Server1_68,1.0,2000.0
Server1_488,Server1_333,1.0,2000.0
Server1_333,Server1_488,1.0,2000.0
Server1_356,Server1_61,1.0,2000.0
Server1_61,Server1_356,1.0,2000.0
Server1_356,Server1_108,1.0,2000.0
Server1_108,Server1_356,1.0,2000.0
Server1_356,Server1_281,1.0,2000.0
Server1_281,Server1_356,1.0,2000.0
Server1_294,Server1_401,1.0,2000.0
Server1_401,Server1_294,1.0,2000.0
Server1_294,Server1_467,1.0,2000.0
Server1_467,Server1_294,1.0,2000.0
Server1_294,Server1_370,1.0,2000.0
Server1_370,Server1_294,1.0,2000.0
Server1_208,Server1_68,1.0,2000.0
Server1_68,Server1_208,1.0,2000.0
Server1_348,Server1_199,1.0,2000.0
Server1_199,Server1_348,1.0,2000.0
Server1_348,Server1_449,1.0,2000.0
Server1_449,Server1_348,1.0,2000.0
Server1_348,Server1_401,1.0,2000.0
Server1_401,Server1_348,1.0,2000.0
Server1_115,Server1_282,1.0,2000.0
Server1_282,Server1_115,1.0,2000.0
Server1_115,Server1_115,1.0,2000.0
Server1_115,Server1_262,1.0,2000.0
Server1_262,Server1_115,1.0,2000.0
Server1_72,Server1_179,1.0,2000.0
Server1_179,Server1_72,1.0,2000.0
Server1_72,Server1_380,1.0,2000.0
Server1_380,Server1_72,1.0,2000.0
Server1_72,Server1_47,1.0,2000.0
Server1_47,Server1_72,1.0,2000.0
Server1_472,Server1_472,1.0,2000.0
Server1_472,Server1_118,1.0,2000.0
Server1_118,Server1_472,1.0,2000.0
Server1_314,Server1_312,1.0,2000.0
Server1_312,Server1_314,1.0,2000.0
Server1_90,Server1_193,1.0,2000.0
Server1_193,Server1_90,1.0,2000.0
Server1_93,Server1_66,1.0,2000.0
Server1_66,Server1_93,1.0,2000.0
Server1_322,Server1_301,1.0,2000.0
Server1_301,Server1_322,1.0,2000.0
Server1_322,Server1_253,1.0,2000.0
Server1_253,Server1_322,1.0,2000.0
Server1_414,Server1_75,1.0,2000.0
Server1_75,Server1_414,1.0,2000.0
Server1_414,Server1_258,1.0,2000.0
Server1_258,Server1_414,1.0,2000.0
Server1_414,Server1_38,1.0,2000.0
Server1_38,Server1_414,1.0,2000.0
Server1_491,Server1_231,1.0,2000.0
Server1_231,Server1_491,1.0,2000.0
Server1_491,Server1_16,1.0,2000.0
Server1_16,Server1_491,1.0,2000.0
Server1_491,Server1_465,1.0,2000.0
Server1_465,Server1_491,1.0,2000.0
Server1_174,Server1_175,1.0,2000.0
Server1_175,Server1_174,1.0,2000.0
Server1_174,Server1_461,1.0,2000.0
Server1_461,Server1_174,1.0,2000.0
Server1_135,Server1_45,50.0,0.3481358083358699
Server1_45,Server1_135,50.0,0.3481358083358699
Server1_399,Server1_468,50.0,0.3821462044531263
Server1_468,Server1_399,50.0,0.3821462044531263
Server1_399,Server1_72,1.0,2000.0
Server1_72,Server1_399,1.0,2000.0
Server1_404,Server1_300,50.0,0.3792952565168131
Server1_300,Server1_404,50.0,0.3792952565168131
Server1_26,Server1_66,50.0,0.3454328324861405
Server1_66,Server1_26,50.0,0.3454328324861405
Server1_26,Server1_93,1.0,2000.0
Server1_93,Server1_26,1.0,2000.0
Server1_69,Server1_323,50.0,0.3170273711801416
Server1_323,Server1_69,50.0,0.3170273711801416
Server1_307,Server1_404,50.0,0.3306331166674492
Server1_404,Server1_307,50.0,0.3306331166674492
Server1_102,Server1_496,50.0,0.3672068201104373
Server1_496,Server1_102,50.0,0.3672068201104373
Server1_293,Server1_30,50.0,0.374958768420187
Server1_30,Server1_293,50.0,0.374958768420187
Server1_293,Server1_28,50.0,0.4183245010162576
Server1_28,Server1_293,50.0,0.4183245010162576
Server1_129,Server1_381,50.0,0.2896806209839592
Server1_381,Server1_129,50.0,0.2896806209839592
Server1_129,Server1_132,50.0,0.3556778792883066
Server1_132,Server1_129,50.0,0.3556778792883066
Server1_129,Server1_56,50.0,0.3882640240709552
Server1_56,Server1_129,50.0,0.3882640240709552
Server1_459,Server1_340,50.0,0.3899664868667121
Server1_340,Server1_459,50.0,0.3899664868667121
Server1_459,Server1_67,50.0,0.358855250564245
Server1_67,Server1_459,50.0,0.358855250564245
Server1_459,Server1_233,50.0,0.4277124793239044
Server1_233,Server1_459,50.0,0.4277124793239044
Server1_9,Server1_368,50.0,0.377868715555377
Server1_368,Server1_9,50.0,0.377868715555377
Server1_420,Server1_383,50.0,0.3675042307608026
Server1_383,Server1_420,50.0,0.3675042307608026
Server1_225,Server1_253,50.0,0.3493908225283915
Server1_253,Server1_225,50.0,0.3493908225283915
Server1_225,Server1_52,50.0,0.3590071891906864
Server1_52,Server1_225,50.0,0.3590071891906864
Server1_225,Server1_161,50.0,0.340784308442255
Server1_161,Server1_225,50.0,0.340784308442255
Server1_329,Server1_43,50.0,0.3306007301336721
Server1_43,Server1_329,50.0,0.3306007301336721
Server1_329,Server1_256,50.0,0.3609517012389941
Server1_256,Server1_329,50.0,0.3609517012389941
Server1_136,Server1_304,50.0,0.3522843709717692
Server1_304,Server1_136,50.0,0.3522843709717692
Server1_136,Server1_473,1.0,2000.0
Server1_473,Server1_136,1.0,2000.0
Server1_136,Server1_429,50.0,0.2929160694601527
Server1_429,Server1_136,50.0,0.2929160694601527
Server1_365,Server1_250,50.0,0.3550984338968236
Server1_250,Server1_365,50.0,0.3550984338968236
Server1_237,Server1_477,50.0,0.4369196772876145
Server1_477,Server1_237,50.0,0.4369196772876145
Server1_466,Server1_276,50.0,0.316243744662199
Server1_276,Server1_466,50.0,0.316243744662199
Server1_466,Server1_181,1.0,2000.0
Server1_181,Server1_466,1.0,2000.0
Server1_466,Server1_85,50.0,0.3265819830637716
Server1_85,Server1_466,50.0,0.3265819830637716
Server1_470,Server1_494,50.0,0.3829184576418984
Server1_494,Server1_470,50.0,0.3829184576418984
Server1_24,Server1_86,50.0,0.3922946735284087
Server1_86,Server1_24,50.0,0.3922946735284087
Server1_24,Server1_110,50.0,0.3086831344992881
Server1_110,Server1_24,50.0,0.3086831344992881
Server1_461,Server1_112,50.0,0.3493334317222163
Server1_112,Server1_461,50.0,0.3493334317222163
Server1_131,Server1_151,50.0,0.3431080271606686
Server1_151,Server1_131,50.0,0.3431080271606686
Server1_131,Server1_115,1.0,2000.0
Server1_115,Server1_131,1.0,2000.0
Server1_131,Server1_118,50.0,0.364119090843002
Server1_118,Server1_131,50.0,0.364119090843002
Server1_334,Server1_267,50.0,0.3496860295817666
Server1_267,Server1_334,50.0,0.3496860295817666
Server1_334,Server1_261,50.0,0.3175330469890853
Server1_261,Server1_334,50.0,0.3175330469890853
Server1_118,Server1_39,50.0,0.3861133279655346
Server1_39,Server1_118,50.0,0.3861133279655346
Server1_118,Server1_151,50.0,0.3731153196772244
Server1_151,Server1_118,50.0,0.3731153196772244
Server1_118,Server1_191,50.0,0.2652036441489764
Server1_191,Server1_118,50.0,0.2652036441489764
Server1_494,Server1_191,50.0,0.3318874287391721
Server1_191,Server1_494,50.0,0.3318874287391721
Server1_494,Server1_151,50.0,0.3106457045025842
Server1_151,Server1_494,50.0,0.3106457045025842
Server1_393,Server1_499,50.0,0.3191098035047184
Server1_499,Server1_393,50.0,0.3191098035047184
Server1_393,Server1_192,50.0,0.2743638345312826
Server1_192,Server1_393,50.0,0.2743638345312826
Server1_393,Server1_146,50.0,0.3504899224185522
Server1_146,Server1_393,50.0,0.3504899224185522
Server1_80,Server1_168,50.0,0.4923967261521937
Server1_168,Server1_80,50.0,0.4923967261521937
Server1_80,Server1_187,50.0,0.368674404864873
Server1_187,Server1_80,50.0,0.368674404864873
Server1_409,Server1_485,50.0,0.339976089439194
Server1_485,Server1_409,50.0,0.339976089439194
Server1_409,Server1_419,50.0,0.3231043978617248
Server1_419,Server1_409,50.0,0.3231043978617248
Server1_409,Server1_423,50.0,0.415297206572186
Server1_423,Server1_409,50.0,0.415297206572186
Server1_268,Server1_24,50.0,0.3780444824257011
Server1_24,Server1_268,50.0,0.3780444824257011
Server1_268,Server1_110,50.0,0.4285083965065112
Server1_110,Server1_268,50.0,0.4285083965065112
Server1_33,Server1_66,50.0,0.3819337673945744
Server1_66,Server1_33,50.0,0.3819337673945744
Server1_33,Server1_295,50.0,0.350880488347614
Server1_295,Server1_33,50.0,0.350880488347614
Server1_33,Server1_26,50.0,0.3276273518543708
Server1_26,Server1_33,50.0,0.3276273518543708
Server1_425,Server1_55,50.0,0.4018847429500368
Server1_55,Server1_425,50.0,0.4018847429500368
Server1_425,Server1_117,50.0,0.3936995730344054
Server1_117,Server1_425,50.0,0.3936995730344054
Server1_235,Server1_43,50.0,0.2839771936731298
Server1_43,Server1_235,50.0,0.2839771936731298
Server1_235,Server1_256,50.0,0.2740106517433792
Server1_256,Server1_235,50.0,0.2740106517433792
Server1_235,Server1_354,50.0,0.3321132253413026
Server1_354,Server1_235,50.0,0.3321132253413026
Server1_296,Server1_327,50.0,0.3705151992966746
Server1_327,Server1_296,50.0,0.3705151992966746
Server1_296,Server1_460,50.0,0.3397100958591519
Server1_460,Server1_296,50.0,0.3397100958591519
Server1_296,Server1_76,50.0,0.4026277911652053
Server1_76,Server1_296,50.0,0.4026277911652053
Server1_65,Server1_379,50.0,0.2768490441191868
Server1_379,Server1_65,50.0,0.2768490441191868
Server1_65,Server1_16,50.0,0.267986970580767
Server1_16,Server1_65,50.0,0.267986970580767
Server1_64,Server1_466,50.0,0.2856807831088604
Server1_466,Server1_64,50.0,0.2856807831088604
Server1_64,Server1_331,50.0,0.3516366013750298
Server1_331,Server1_64,50.0,0.3516366013750298
Server1_154,Server1_271,50.0,0.4170287680624022
Server1_271,Server1_154,50.0,0.4170287680624022
Server1_215,Server1_254,50.0,0.3729046092699852
Server1_254,Server1_215,50.0,0.3729046092699852
Server1_215,Server1_279,50.0,0.3438761647208744
Server1_279,Server1_215,50.0,0.3438761647208744
Server1_215,Server1_96,50.0,0.3440249429819156
Server1_96,Server1_215,50.0,0.3440249429819156
Server1_443,Server1_216,50.0,0.4017518205373206
Server1_216,Server1_443,50.0,0.4017518205373206
Server1_357,Server1_133,50.0,0.376058321448085
Server1_133,Server1_357,50.0,0.376058321448085
Server1_357,Server1_220,50.0,0.3290661588983108
Server1_220,Server1_357,50.0,0.3290661588983108
Server1_302,Server1_49,50.0,0.351769679515869
Server1_49,Server1_302,50.0,0.351769679515869
Server1_204,Server1_416,50.0,0.3141595599626361
Server1_416,Server1_204,50.0,0.3141595599626361
Server1_204,Server1_219,50.0,0.309000262840878
Server1_219,Server1_204,50.0,0.309000262840878
Server1_332,Server1_223,50.0,0.331336762293074
Server1_223,Server1_332,50.0,0.331336762293074
Server1_493,Server1_7,50.0,0.4051419545330986
Server1_7,Server1_493,50.0,0.4051419545330986
Server1_351,Server1_239,50.0,0.3932697955921258
Server1_239,Server1_351,50.0,0.3932697955921258
Server1_278,Server1_405,50.0,0.3608155530231746
Server1_405,Server1_278,50.0,0.3608155530231746
Server1_434,Server1_313,50.0,0.354312345146971
Server1_313,Server1_434,50.0,0.354312345146971
Server1_434,Server1_120,50.0,0.4331016854983593
Server1_120,Server1_434,50.0,0.4331016854983593
Server1_437,Server1_357,50.0,0.3293922858842741
Server1_357,Server1_437,50.0,0.3293922858842741
Server1_437,Server1_445,50.0,0.2756958043660138
Server1_445,Server1_437,50.0,0.2756958043660138
Server1_437,Server1_220,50.0,0.3763638364473672
Server1_220,Server1_437,50.0,0.3763638364473672
Server1_325,Server1_177,50.0,0.3406124729093512
Server1_177,Server1_325,50.0,0.3406124729093512
Server1_203,Server1_365,50.0,0.3113050705579749
Server1_365,Server1_203,50.0,0.3113050705579749
Server1_203,Server1_150,50.0,0.291811926455022
Server1_150,Server1_203,50.0,0.291811926455022
Server1_423,Server1_321,50.0,0.3532060869616082
Server1_321,Server1_423,50.0,0.3532060869616082
Server1_423,Server1_129,50.0,0.3366683095986596
Server1_129,Server1_423,50.0,0.3366683095986596
Server1_358,Server1_142,50.0,0.3706138715438146
Server1_142,Server1_358,50.0,0.3706138715438146
Server1_358,Server1_416,50.0,0.332301599503167
Server1_416,Server1_358,50.0,0.332301599503167
Server1_358,Server1_355,50.0,0.2926394871859606
Server1_355,Server1_358,50.0,0.2926394871859606
Server1_38,Server1_310,50.0,0.3324045303031948
Server1_310,Server1_38,50.0,0.3324045303031948
Server1_273,Server1_208,1.0,2000.0
Server1_208,Server1_273,1.0,2000.0
Server1_273,Server1_239,50.0,0.295190571412542
Server1_239,Server1_273,50.0,0.295190571412542
Server1_319,Server1_349,50.0,0.4056106467463445
Server1_349,Server1_319,50.0,0.4056106467463445
Server1_319,Server1_459,50.0,0.4686054077578456
Server1_459,Server1_319,50.0,0.4686054077578456
Server1_88,Server1_356,1.0,2000.0
Server1_356,Server1_88,1.0,2000.0
Server1_62,Server1_200,50.0,0.2928476509327249
Server1_200,Server1_62,50.0,0.2928476509327249
Server1_62,Server1_1,1.0,2000.0
Server1_1,Server1_62,1.0,2000.0
Server1_244,Server1_396,50.0,0.3964710593561314
Server1_396,Server1_244,50.0,0.3964710593561314
Server1_295,Server1_115,1.0,2000.0
Server1_115,Server1_295,1.0,2000.0
Server1_122,Server1_115,1.0,2000.0
Server1_115,Server1_122,1.0,2000.0
Server1_6,Server1_242,50.0,0.3373132045445934
Server1_242,Server1_6,50.0,0.3373132045445934
Server1_288,Server1_166,1.0,2000.0
Server1_166,Server1_288,1.0,2000.0
Server1_288,Server1_4,50.0,0.3533379045637632
Server1_4,Server1_288,50.0,0.3533379045637632
Server1_288,Server1_237,50.0,0.385373631673385
Server1_237,Server1_288,50.0,0.385373631673385
Server1_308,Server1_265,50.0,0.3850595977439944
Server1_265,Server1_308,50.0,0.3850595977439944
Server1_255,Server1_380,1.0,2000.0
Server1_380,Server1_255,1.0,2000.0
Server1_257,Server1_333,50.0,0.3356726842092667
Server1_333,Server1_257,50.0,0.3356726842092667
Server1_257,Server1_446,50.0,0.3483509593847032
Server1_446,Server1_257,50.0,0.3483509593847032
Server1_426,Server1_26,50.0,0.4103539344845372
Server1_26,Server1_426,50.0,0.4103539344845372
Server1_426,Server1_54,50.0,0.2820575709995878
Server1_54,Server1_426,50.0,0.2820575709995878
Server1_484,Server1_382,50.0,0.318590744659648
Server1_382,Server1_484,50.0,0.318590744659648
Server1_484,Server1_197,50.0,0.3970195169028268
Server1_197,Server1_484,50.0,0.3970195169028268
Server1_258,Server1_495,50.0,0.4270552738709975
Server1_495,Server1_258,50.0,0.4270552738709975
Server1_258,Server1_227,50.0,0.3116206180299376
Server1_227,Server1_258,50.0,0.3116206180299376
Server1_460,Server1_247,50.0,0.3153592761253106
Server1_247,Server1_460,50.0,0.3153592761253106
Server1_126,Server1_306,50.0,0.3638077593900832
Server1_306,Server1_126,50.0,0.3638077593900832
Server1_249,Server1_157,50.0,0.3444505907554166
Server1_157,Server1_249,50.0,0.3444505907554166
Server1_249,Server1_371,50.0,0.3484289688451291
Server1_371,Server1_249,50.0,0.3484289688451291
Server1_249,Server1_123,50.0,0.3597117252582086
Server1_123,Server1_249,50.0,0.3597117252582086
Server1_191,Server1_262,50.0,0.3725185754841188
Server1_262,Server1_191,50.0,0.3725185754841188
Server1_55,Server1_117,50.0,0.2757842519221638
Server1_117,Server1_55,50.0,0.2757842519221638
Server1_55,Server1_102,50.0,0.3907323525743072
Server1_102,Server1_55,50.0,0.3907323525743072
Server1_55,Server1_42,50.0,0.3582393104244079
Server1_42,Server1_55,50.0,0.3582393104244079
Server1_453,Server1_42,50.0,0.4155772358206641
Server1_42,Server1_453,50.0,0.4155772358206641
Server1_453,Server1_441,50.0,0.3755875089104638
Server1_441,Server1_453,50.0,0.3755875089104638
Server1_453,Server1_450,50.0,0.3977426398318418
Server1_450,Server1_453,50.0,0.3977426398318418
Server1_211,Server1_481,50.0,0.3619560477420383
Server1_481,Server1_211,50.0,0.3619560477420383
Server1_211,Server1_436,50.0,0.3359846017827328
Server1_436,Server1_211,50.0,0.3359846017827328
Server1_487,Server1_217,50.0,0.3254363188706231
Server1_217,Server1_487,50.0,0.3254363188706231
Server1_267,Server1_256,50.0,0.3325069853624922
Server1_256,Server1_267,50.0,0.3325069853624922
Server1_371,Server1_292,50.0,0.3604706391441015
Server1_292,Server1_371,50.0,0.3604706391441015
Server1_371,Server1_157,50.0,0.2939646900464074
Server1_157,Server1_371,50.0,0.2939646900464074
Server1_112,Server1_15,50.0,0.3324700717894485
Server1_15,Server1_112,50.0,0.3324700717894485
Server1_112,Server1_469,50.0,0.2903596913278915
Server1_469,Server1_112,50.0,0.2903596913278915
Server1_112,Server1_337,50.0,0.3619780731137412
Server1_337,Server1_112,50.0,0.3619780731137412
Server1_275,Server1_375,50.0,0.2667904431473258
Server1_375,Server1_275,50.0,0.2667904431473258
Server1_275,Server1_46,1.0,2000.0
Server1_46,Server1_275,1.0,2000.0
Server1_449,Server1_305,50.0,0.2847669656628256
Server1_305,Server1_449,50.0,0.2847669656628256
Server1_449,Server1_294,1.0,2000.0
Server1_294,Server1_449,1.0,2000.0
Server1_449,Server1_438,50.0,0.3911399841886078
Server1_438,Server1_449,50.0,0.3911399841886078
Server1_247,Server1_310,50.0,0.3887539262341357
Server1_310,Server1_247,50.0,0.3887539262341357
Server1_247,Server1_255,50.0,0.299231632219762
Server1_255,Server1_247,50.0,0.299231632219762
Server1_475,Server1_1,1.0,2000.0
Server1_1,Server1_475,1.0,2000.0
Server1_475,Server1_471,50.0,0.3256195577938626
Server1_471,Server1_475,50.0,0.3256195577938626
Server1_475,Server1_394,50.0,0.2800577400936248
Server1_394,Server1_475,50.0,0.2800577400936248
Server1_210,Server1_114,50.0,0.3169139953791443
Server1_114,Server1_210,50.0,0.3169139953791443
Server1_210,Server1_392,50.0,0.2731135270618396
Server1_392,Server1_210,50.0,0.2731135270618396
Server1_210,Server1_190,1.0,2000.0
Server1_190,Server1_210,1.0,2000.0
Server1_168,Server1_140,50.0,0.4118025027323642
Server1_140,Server1_168,50.0,0.4118025027323642
Server1_141,Server1_358,50.0,0.3596686198455815
Server1_358,Server1_141,50.0,0.3596686198455815
Server1_141,Server1_138,50.0,0.352255934066159
Server1_138,Server1_141,50.0,0.352255934066159
Server1_141,Server1_98,50.0,0.3765940933368239
Server1_98,Server1_141,50.0,0.3765940933368239
Server1_367,Server1_243,50.0,0.3616227603170576
Server1_243,Server1_367,50.0,0.3616227603170576
Server1_367,Server1_183,50.0,0.3574496941348704
Server1_183,Server1_367,50.0,0.3574496941348704
Server1_254,Server1_108,50.0,0.3545080456024533
Server1_108,Server1_254,50.0,0.3545080456024533
Server1_7,Server1_343,50.0,0.4962265889983644
Server1_343,Server1_7,50.0,0.4962265889983644
Server1_395,Server1_274,50.0,0.3424510334738896
Server1_274,Server1_395,50.0,0.3424510334738896
Server1_167,Server1_153,50.0,0.2713352080036132
Server1_153,Server1_167,50.0,0.2713352080036132
Server1_167,Server1_243,50.0,0.4334336533869151
Server1_243,Server1_167,50.0,0.4334336533869151
Server1_256,Server1_354,50.0,0.3173983371228183
Server1_354,Server1_256,50.0,0.3173983371228183
Server1_256,Server1_197,50.0,0.3581096092928812
Server1_197,Server1_256,50.0,0.3581096092928812
Server1_292,Server1_2,50.0,0.384688327254064
Server1_2,Server1_292,50.0,0.384688327254064
Server1_292,Server1_27,50.0,0.3333003910675862
Server1_27,Server1_292,50.0,0.3333003910675862
Server1_292,Server1_105,50.0,0.3734777808325594
Server1_105,Server1_292,50.0,0.3734777808325594
Server1_127,Server1_361,50.0,0.4199641155561418
Server1_361,Server1_127,50.0,0.4199641155561418
Server1_127,Server1_290,50.0,0.3158900047837093
Server1_290,Server1_127,50.0,0.3158900047837093
Server1_127,Server1_132,50.0,0.4636333641942711
Server1_132,Server1_127,50.0,0.4636333641942711
Server1_482,Server1_52,50.0,0.3997824563300817
Server1_52,Server1_482,50.0,0.3997824563300817
Server1_2,Server1_278,50.0,0.3774115914039242
Server1_278,Server1_2,50.0,0.3774115914039242
Server1_2,Server1_99,50.0,0.3177024953679436
Server1_99,Server1_2,50.0,0.3177024953679436
Server1_2,Server1_232,50.0,0.3724077480702364
Server1_232,Server1_2,50.0,0.3724077480702364
Server1_456,Server1_52,50.0,0.3413630746177116
Server1_52,Server1_456,50.0,0.3413630746177116
Server1_456,Server1_225,50.0,0.3284449747959932
Server1_225,Server1_456,50.0,0.3284449747959932
Server1_456,Server1_68,1.0,2000.0
Server1_68,Server1_456,1.0,2000.0
Server1_455,Server1_395,50.0,0.5590766719747593
Server1_395,Server1_455,50.0,0.5590766719747593
Server1_455,Server1_332,50.0,0.4247744382244397
Server1_332,Server1_455,50.0,0.4247744382244397
Server1_455,Server1_223,50.0,0.3742441514179824
Server1_223,Server1_455,50.0,0.3742441514179824
Server1_213,Server1_366,50.0,0.2695985176802486
Server1_366,Server1_213,50.0,0.2695985176802486
Server1_213,Server1_218,50.0,0.4328295021157742
Server1_218,Server1_213,50.0,0.4328295021157742
Server1_263,Server1_391,50.0,0.3153172508760104
Server1_391,Server1_263,50.0,0.3153172508760104
Server1_263,Server1_211,50.0,0.3790820689767157
Server1_211,Server1_263,50.0,0.3790820689767157
Server1_263,Server1_481,50.0,0.3268907576588598
Server1_481,Server1_263,50.0,0.3268907576588598
Server1_23,Server1_419,50.0,0.3601515435813898
Server1_419,Server1_23,50.0,0.3601515435813898
Server1_23,Server1_381,50.0,0.4170200883515923
Server1_381,Server1_23,50.0,0.4170200883515923
Server1_23,Server1_68,1.0,2000.0
Server1_68,Server1_23,1.0,2000.0
Server1_182,Server1_352,50.0,0.308515123136371
Server1_352,Server1_182,50.0,0.308515123136371
Server1_114,Server1_392,50.0,0.355295964816549
Server1_392,Server1_114,50.0,0.355295964816549
Server1_114,Server1_67,50.0,0.401871467405819
Server1_67,Server1_114,50.0,0.401871467405819
Server1_138,Server1_219,50.0,0.3557849825445487
Server1_219,Server1_138,50.0,0.3557849825445487
Server1_138,Server1_204,50.0,0.3733281603135588
Server1_204,Server1_138,50.0,0.3733281603135588
Server1_11,Server1_48,50.0,0.3647609165015284
Server1_48,Server1_11,50.0,0.3647609165015284
Server1_11,Server1_21,1.0,2000.0
Server1_21,Server1_11,1.0,2000.0
Server1_56,Server1_257,50.0,0.3636453668680079
Server1_257,Server1_56,50.0,0.3636453668680079
Server1_56,Server1_488,1.0,2000.0
Server1_488,Server1_56,1.0,2000.0
Server1_56,Server1_333,50.0,0.3639338196659258
Server1_333,Server1_56,50.0,0.3639338196659258
Server1_59,Server1_423,50.0,0.4067935451461777
Server1_423,Server1_59,50.0,0.4067935451461777
Server1_317,Server1_334,50.0,0.3655192142194162
Server1_334,Server1_317,50.0,0.3655192142194162
Server1_317,Server1_256,50.0,0.3388450146388324
Server1_256,Server1_317,50.0,0.3388450146388324
Server1_87,Server1_290,50.0,0.3851202705025998
Server1_290,Server1_87,50.0,0.3851202705025998
Server1_328,Server1_38,50.0,0.2850738157299324
Server1_38,Server1_328,50.0,0.2850738157299324
Server1_328,Server1_310,50.0,0.3764895484988557
Server1_310,Server1_328,50.0,0.3764895484988557
Server1_328,Server1_295,50.0,0.4008897215798458
Server1_295,Server1_328,50.0,0.4008897215798458
Server1_116,Server1_344,50.0,0.3859708715899426
Server1_344,Server1_116,50.0,0.3859708715899426
Server1_140,Server1_484,50.0,0.3263001357690468
Server1_484,Server1_140,50.0,0.3263001357690468
Server1_140,Server1_207,50.0,0.328312448850703
Server1_207,Server1_140,50.0,0.328312448850703
Server1_140,Server1_197,50.0,0.3936055239284454
Server1_197,Server1_140,50.0,0.3936055239284454
Server1_212,Server1_175,50.0,0.430088669950621
Server1_175,Server1_212,50.0,0.430088669950621
Server1_212,Server1_79,1.0,2000.0
Server1_79,Server1_212,1.0,2000.0
Server1_212,Server1_320,50.0,0.3887884070863511
Server1_320,Server1_212,50.0,0.3887884070863511
Server1_282,Server1_472,1.0,2000.0
Server1_472,Server1_282,1.0,2000.0
Server1_232,Server1_490,50.0,0.3169982323798888
Server1_490,Server1_232,50.0,0.3169982323798888
Server1_232,Server1_146,50.0,0.2792759022731085
Server1_146,Server1_232,50.0,0.2792759022731085
Server1_232,Server1_251,50.0,0.344757021079889
Server1_251,Server1_232,50.0,0.344757021079889
Server1_111,Server1_10,50.0,0.3930641855019785
Server1_10,Server1_111,50.0,0.3930641855019785
Server1_111,Server1_400,50.0,0.3676583147244996
Server1_400,Server1_111,50.0,0.3676583147244996
Server1_111,Server1_443,50.0,0.4079682114038759
Server1_443,Server1_111,50.0,0.4079682114038759
Server1_223,Server1_274,50.0,0.3921101009998482
Server1_274,Server1_223,50.0,0.3921101009998482
Server1_223,Server1_159,50.0,0.285330077448028
Server1_159,Server1_223,50.0,0.285330077448028
Server1_476,Server1_311,1.0,2000.0
Server1_311,Server1_476,1.0,2000.0
Server1_476,Server1_67,50.0,0.4761520684454465
Server1_67,Server1_476,50.0,0.4761520684454465
Server1_98,Server1_416,50.0,0.3878814337451816
Server1_416,Server1_98,50.0,0.3878814337451816
Server1_98,Server1_60,1.0,2000.0
Server1_60,Server1_98,1.0,2000.0
Server1_98,Server1_37,50.0,0.3749789720667504
Server1_37,Server1_98,50.0,0.3749789720667504
Server1_161,Server1_101,50.0,0.2827195652960337
Server1_101,Server1_161,50.0,0.2827195652960337
Server1_161,Server1_52,50.0,0.3238592216994454
Server1_52,Server1_161,50.0,0.3238592216994454
Server1_161,Server1_253,50.0,0.3892961085765724
Server1_253,Server1_161,50.0,0.3892961085765724
Server1_438,Server1_294,1.0,2000.0
Server1_294,Server1_438,1.0,2000.0
Server1_345,Server1_12,50.0,0.3057581427311032
Server1_12,Server1_345,50.0,0.3057581427311032
Server1_100,Server1_476,50.0,0.3207613195314365
Server1_476,Server1_100,50.0,0.3207613195314365
Server1_101,Server1_84,50.0,0.2871263661383536
Server1_84,Server1_101,50.0,0.2871263661383536
Server1_101,Server1_253,50.0,0.3725565716888397
Server1_253,Server1_101,50.0,0.3725565716888397
Server1_324,Server1_432,50.0,0.3129959229865914
Server1_432,Server1_324,50.0,0.3129959229865914
Server1_324,Server1_465,50.0,0.4659976304263488
Server1_465,Server1_324,50.0,0.4659976304263488
Server1_486,Server1_427,50.0,0.3510575001629696
Server1_427,Server1_486,50.0,0.3510575001629696
Server1_486,Server1_336,50.0,0.2819223722288386
Server1_336,Server1_486,50.0,0.2819223722288386
Server1_486,Server1_86,50.0,0.3458102979163905
Server1_86,Server1_486,50.0,0.3458102979163905
Server1_499,Server1_154,50.0,0.3018145512540496
Server1_154,Server1_499,50.0,0.3018145512540496
Server1_297,Server1_54,50.0,0.3246538949635957
Server1_54,Server1_297,50.0,0.3246538949635957
Server1_297,Server1_331,50.0,0.36458656642054
Server1_331,Server1_297,50.0,0.36458656642054
Server1_297,Server1_91,50.0,0.3676804954534208
Server1_91,Server1_297,50.0,0.3676804954534208
Server1_480,Server1_139,50.0,0.2726961971113257
Server1_139,Server1_480,50.0,0.2726961971113257
Server1_480,Server1_296,50.0,0.3724892828679103
Server1_296,Server1_480,50.0,0.3724892828679103
Server1_480,Server1_371,50.0,0.3523618332061252
Server1_371,Server1_480,50.0,0.3523618332061252
Server1_471,Server1_69,50.0,0.3911933925630865
Server1_69,Server1_471,50.0,0.3911933925630865
Server1_243,Server1_183,50.0,0.2698066579212812
Server1_183,Server1_243,50.0,0.2698066579212812
Server1_219,Server1_402,50.0,0.2684021169132318
Server1_402,Server1_219,50.0,0.2684021169132318
Server1_219,Server1_400,50.0,0.4015203765319292
Server1_400,Server1_219,50.0,0.4015203765319292
Server1_219,Server1_104,50.0,0.4059421399514242
Server1_104,Server1_219,50.0,0.4059421399514242
Server1_419,Server1_68,1.0,2000.0
Server1_68,Server1_419,1.0,2000.0
Server1_419,Server1_239,50.0,0.3889284329437158
Server1_239,Server1_419,50.0,0.3889284329437158
Server1_419,Server1_270,50.0,0.4280199732235743
Server1_270,Server1_419,50.0,0.4280199732235743
Server1_95,Server1_437,50.0,0.361772423018316
Server1_437,Server1_95,50.0,0.361772423018316
Server1_209,Server1_229,50.0,0.3105741491566436
Server1_229,Server1_209,50.0,0.3105741491566436
Server1_429,Server1_388,50.0,0.3238079809977774
Server1_388,Server1_429,50.0,0.3238079809977774
Server1_368,Server1_380,1.0,2000.0
Server1_380,Server1_368,1.0,2000.0
Server1_178,Server1_483,50.0,0.4065989537100802
Server1_483,Server1_178,50.0,0.4065989537100802
Server1_178,Server1_58,50.0,0.4357355179394094
Server1_58,Server1_178,50.0,0.4357355179394094
Server1_178,Server1_60,1.0,2000.0
Server1_60,Server1_178,1.0,2000.0
Server1_48,Server1_48,50.0,0.331114636939227
Server1_137,Server1_370,50.0,0.3613421825838618
Server1_370,Server1_137,50.0,0.3613421825838618
Server1_27,Server1_192,50.0,0.3902754563226974
Server1_192,Server1_27,50.0,0.3902754563226974
Server1_27,Server1_215,50.0,0.3311006677243816
Server1_215,Server1_27,50.0,0.3311006677243816
Server1_241,Server1_427,50.0,0.391549904813283
Server1_427,Server1_241,50.0,0.391549904813283
Server1_139,Server1_296,50.0,0.2836962316693735
Server1_296,Server1_139,50.0,0.2836962316693735
Server1_477,Server1_109,50.0,0.2999676540284934
Server1_109,Server1_477,50.0,0.2999676540284934
Server1_477,Server1_346,50.0,0.3395226831458772
Server1_346,Server1_477,50.0,0.3395226831458772
Server1_477,Server1_179,50.0,0.3160723128247416
Server1_179,Server1_477,50.0,0.3160723128247416
Server1_246,Server1_236,1.0,2000.0
Server1_236,Server1_246,1.0,2000.0
Server1_436,Server1_436,50.0,0.3292092273797087
Server1_436,Server1_498,50.0,0.2856419553373554
Server1_498,Server1_436,50.0,0.2856419553373554
Server1_436,Server1_414,1.0,2000.0
Server1_414,Server1_436,1.0,2000.0
Server1_67,Server1_100,50.0,0.4056329525904875
Server1_100,Server1_67,50.0,0.4056329525904875
Server1_67,Server1_392,50.0,0.3500777032488145
Server1_392,Server1_67,50.0,0.3500777032488145
Server1_323,Server1_1,1.0,2000.0
Server1_1,Server1_323,1.0,2000.0
Server1_323,Server1_200,50.0,0.303276986020341
Server1_200,Server1_323,50.0,0.303276986020341
Server1_323,Server1_62,50.0,0.3526188891906473
Server1_62,Server1_323,50.0,0.3526188891906473
Server1_231,Server1_378,50.0,0.3024497530163506
Server1_378,Server1_231,50.0,0.3024497530163506
Server1_231,Server1_158,50.0,0.4010810480502305
Server1_158,Server1_231,50.0,0.4010810480502305
Server1_231,Server1_465,50.0,0.2929670214863299
Server1_465,Server1_231,50.0,0.2929670214863299
Server1_398,Server1_478,50.0,0.3749790188552236
Server1_478,Server1_398,50.0,0.3749790188552236
Server1_497,Server1_170,50.0,0.4649685421023289
Server1_170,Server1_497,50.0,0.4649685421023289
Server1_497,Server1_245,50.0,0.3658738118850356
Server1_245,Server1_497,50.0,0.3658738118850356
Server1_497,Server1_120,50.0,0.3369806996873285
Server1_120,Server1_497,50.0,0.3369806996873285
Server1_151,Server1_472,1.0,2000.0
Server1_472,Server1_151,1.0,2000.0
Server1_300,Server1_41,50.0,0.306053759851117
Server1_41,Server1_300,50.0,0.306053759851117
Server1_300,Server1_494,50.0,0.363691316435446
Server1_494,Server1_300,50.0,0.363691316435446
Server1_474,Server1_162,50.0,0.3890242492863862
Server1_162,Server1_474,50.0,0.3890242492863862
Server1_289,Server1_141,50.0,0.3835064277517132
Server1_141,Server1_289,50.0,0.3835064277517132
Server1_52,Server1_101,50.0,0.3294869171141182
Server1_101,Server1_52,50.0,0.3294869171141182
Server1_52,Server1_49,50.0,0.2772560070193721
Server1_49,Server1_52,50.0,0.2772560070193721
Server1_239,Server1_94,50.0,0.3389198817582204
Server1_94,Server1_239,50.0,0.3389198817582204
Server1_239,Server1_270,50.0,0.3885394417951825
Server1_270,Server1_239,50.0,0.3885394417951825
Server1_344,Server1_80,50.0,0.3844199356210708
Server1_80,Server1_344,50.0,0.3844199356210708
Server1_76,Server1_428,50.0,0.3666662723427314
Server1_428,Server1_76,50.0,0.3666662723427314
Server1_411,Server1_134,50.0,0.2760449233255852
Server1_134,Server1_411,50.0,0.2760449233255852
Server1_392,Server1_277,50.0,0.3753058088334252
Server1_277,Server1_392,50.0,0.3753058088334252
Server1_222,Server1_286,50.0,0.2777580124336959
Server1_286,Server1_222,50.0,0.2777580124336959
Server1_222,Server1_471,50.0,0.3095021162347937
Server1_471,Server1_222,50.0,0.3095021162347937
Server1_19,Server1_164,50.0,0.3996583914785458
Server1_164,Server1_19,50.0,0.3996583914785458
Server1_19,Server1_53,50.0,0.3954398576244344
Server1_53,Server1_19,50.0,0.3954398576244344
Server1_19,Server1_18,50.0,0.2832078184948424
Server1_18,Server1_19,50.0,0.2832078184948424
Server1_39,Server1_472,1.0,2000.0
Server1_472,Server1_39,1.0,2000.0
Server1_39,Server1_115,1.0,2000.0
Server1_115,Server1_39,1.0,2000.0
Server1_39,Server1_73,50.0,0.27172125039989
Server1_73,Server1_39,50.0,0.27172125039989
Server1_467,Server1_135,50.0,0.264788297906072
Server1_135,Server1_467,50.0,0.264788297906072
Server1_350,Server1_8,50.0,0.3903893315193384
Server1_8,Server1_350,50.0,0.3903893315193384
Server1_350,Server1_449,50.0,0.3669410295936804
Server1_449,Server1_350,50.0,0.3669410295936804
Server1_233,Server1_183,50.0,0.4361767273652812
Server1_183,Server1_233,50.0,0.4361767273652812
Server1_233,Server1_243,50.0,0.4097588581117221
Server1_243,Server1_233,50.0,0.4097588581117221
Server1_233,Server1_340,50.0,0.3947164298958583
Server1_340,Server1_233,50.0,0.3947164298958583
Server1_320,Server1_32,50.0,0.350204329469044
Server1_32,Server1_320,50.0,0.350204329469044
Server1_320,Server1_40,50.0,0.3930961332644848
Server1_40,Server1_320,50.0,0.3930961332644848
Server1_320,Server1_148,50.0,0.3129914011401946
Server1_148,Server1_320,50.0,0.3129914011401946
Server1_364,Server1_182,50.0,0.414684254467569
Server1_182,Server1_364,50.0,0.414684254467569
Server1_364,Server1_244,50.0,0.3832224772505248
Server1_244,Server1_364,50.0,0.3832224772505248
Server1_500,Server1_151,50.0,0.3085690829838606
Server1_151,Server1_500,50.0,0.3085690829838606
Server1_500,Server1_500,50.0,0.273423611194535
Server1_86,Server1_103,50.0,0.3285223976775765
Server1_103,Server1_86,50.0,0.3285223976775765
Server1_157,Server1_44,50.0,0.4017814290058548
Server1_44,Server1_157,50.0,0.4017814290058548
Server1_49,Server1_198,50.0,0.3661675684995736
Server1_198,Server1_49,50.0,0.3661675684995736
Server1_142,Server1_355,50.0,0.3381104663204189
Server1_355,Server1_142,50.0,0.3381104663204189
Server1_142,Server1_98,50.0,0.4285192749675122
Server1_98,Server1_142,50.0,0.4285192749675122
Server1_142,Server1_289,50.0,0.3881496279825772
Server1_289,Server1_142,50.0,0.3881496279825772
Server1_221,Server1_399,50.0,0.433591576144142
Server1_399,Server1_221,50.0,0.433591576144142
Server1_169,Server1_377,50.0,0.3763898491818982
Server1_377,Server1_169,50.0,0.3763898491818982
Server1_169,Server1_280,50.0,0.3044868824598884
Server1_280,Server1_169,50.0,0.3044868824598884
Server1_169,Server1_437,50.0,0.4214675526441884
Server1_437,Server1_169,50.0,0.4214675526441884
Server1_155,Server1_170,50.0,0.5258706848769127
Server1_170,Server1_155,50.0,0.5258706848769127
Server1_155,Server1_245,50.0,0.3430628108065972
Server1_245,Server1_155,50.0,0.3430628108065972
Server1_155,Server1_372,50.0,0.4244278854760724
Server1_372,Server1_155,50.0,0.4244278854760724
Server1_303,Server1_28,50.0,0.3273218194516822
Server1_28,Server1_303,50.0,0.3273218194516822
Server1_390,Server1_241,50.0,0.3612887988935618
Server1_241,Server1_390,50.0,0.3612887988935618
Server1_417,Server1_26,50.0,0.2813810147934902
Server1_26,Server1_417,50.0,0.2813810147934902
Server1_417,Server1_404,50.0,0.3862666426075152
Server1_404,Server1_417,50.0,0.3862666426075152
Server1_189,Server1_444,1.0,2000.0
Server1_444,Server1_189,1.0,2000.0
Server1_57,Server1_341,50.0,0.3903538667722774
Server1_341,Server1_57,50.0,0.3903538667722774
Server1_57,Server1_126,50.0,0.3945355791568267
Server1_126,Server1_57,50.0,0.3945355791568267
Server1_50,Server1_196,50.0,0.4165546215655506
Server1_196,Server1_50,50.0,0.4165546215655506
Server1_50,Server1_221,50.0,0.3977146108497766
Server1_221,Server1_50,50.0,0.3977146108497766
Server1_50,Server1_170,50.0,0.3834464238841135
Server1_170,Server1_50,50.0,0.3834464238841135
Server1_44,Server1_371,50.0,0.3985552344618684
Server1_371,Server1_44,50.0,0.3985552344618684
Server1_25,Server1_25,50.0,0.3414055627406642
Server1_25,Server1_31,50.0,0.2999396704436464
Server1_31,Server1_25,50.0,0.2999396704436464
Server1_25,Server1_407,50.0,0.3191735854222976
Server1_407,Server1_25,50.0,0.3191735854222976
Server1_492,Server1_112,50.0,0.3745665851205574
Server1_112,Server1_492,50.0,0.3745665851205574
Server1_492,Server1_250,50.0,0.3019530613307992
Server1_250,Server1_492,50.0,0.3019530613307992
Server1_492,Server1_337,50.0,0.393471701521858
Server1_337,Server1_492,50.0,0.393471701521858
Server1_498,Server1_211,50.0,0.3601968086129478
Server1_211,Server1_498,50.0,0.3601968086129478
Server1_498,Server1_291,50.0,0.3184031116014876
Server1_291,Server1_498,50.0,0.3184031116014876
Server1_261,Server1_267,50.0,0.2829021452504594
Server1_267,Server1_261,50.0,0.2829021452504594
Server1_251,Server1_99,50.0,0.3572044152482125
Server1_99,Server1_251,50.0,0.3572044152482125
Server1_251,Server1_113,50.0,0.2845638162189317
Server1_113,Server1_251,50.0,0.2845638162189317
Server1_200,Server1_471,50.0,0.3027994945119062
Server1_471,Server1_200,50.0,0.3027994945119062
Server1_34,Server1_424,50.0,0.4584822792991128
Server1_424,Server1_34,50.0,0.4584822792991128
Server1_107,Server1_451,50.0,0.4014188776913632
Server1_451,Server1_107,50.0,0.4014188776913632
Server1_107,Server1_382,50.0,0.3211653870821508
Server1_382,Server1_107,50.0,0.3211653870821508
Server1_103,Server1_486,50.0,0.2824753812724209
Server1_486,Server1_103,50.0,0.2824753812724209
Server1_103,Server1_427,50.0,0.329131303093551
Server1_427,Server1_103,50.0,0.329131303093551
Server1_383,Server1_14,50.0,0.3502059176830119
Server1_14,Server1_383,50.0,0.3502059176830119
Server1_383,Server1_234,50.0,0.3384225245958648
Server1_234,Server1_383,50.0,0.3384225245958648
Server1_416,Server1_219,50.0,0.3789617655108905
Server1_219,Server1_416,50.0,0.3789617655108905
Server1_77,Server1_106,50.0,0.3598108237033313
Server1_106,Server1_77,50.0,0.3598108237033313
Server1_77,Server1_442,50.0,0.4094562439609234
Server1_442,Server1_77,50.0,0.4094562439609234
Server1_53,Server1_18,50.0,0.2864406090468248
Server1_18,Server1_53,50.0,0.2864406090468248
Server1_35,Server1_352,50.0,0.387515772891234
Server1_352,Server1_35,50.0,0.387515772891234
Server1_265,Server1_315,50.0,0.361919982853402
Server1_315,Server1_265,50.0,0.361919982853402
Server1_265,Server1_95,50.0,0.3670123881337637
Server1_95,Server1_265,50.0,0.3670123881337637
Server1_298,Server1_356,1.0,2000.0
Server1_356,Server1_298,1.0,2000.0
Server1_298,Server1_224,50.0,0.3138368076581774
Server1_224,Server1_298,50.0,0.3138368076581774
Server1_298,Server1_254,50.0,0.3985240363362858
Server1_254,Server1_298,50.0,0.3985240363362858
Server1_12,Server1_267,50.0,0.3200741543510414
Server1_267,Server1_12,50.0,0.3200741543510414
Server1_214,Server1_147,50.0,0.2787017150601336
Server1_147,Server1_214,50.0,0.2787017150601336
Server1_214,Server1_407,50.0,0.3362156458953
Server1_407,Server1_214,50.0,0.3362156458953
Server1_280,Server1_445,50.0,0.3390482430084766
Server1_445,Server1_280,50.0,0.3390482430084766
Server1_280,Server1_377,50.0,0.3955536365692721
Server1_377,Server1_280,50.0,0.3955536365692721
Server1_369,Server1_96,50.0,0.3518089835295832
Server1_96,Server1_369,50.0,0.3518089835295832
Server1_369,Server1_251,50.0,0.3204618330638344
Server1_251,Server1_369,50.0,0.3204618330638344
Server1_369,Server1_105,50.0,0.3229719679641811
Server1_105,Server1_369,50.0,0.3229719679641811
Server1_342,Server1_250,50.0,0.4161934175799402
Server1_250,Server1_342,50.0,0.4161934175799402
Server1_342,Server1_424,50.0,0.3266500139701976
Server1_424,Server1_342,50.0,0.3266500139701976
Server1_342,Server1_432,50.0,0.3064831110782718
Server1_432,Server1_342,50.0,0.3064831110782718
Server1_439,Server1_165,50.0,0.3286163644955161
Server1_165,Server1_439,50.0,0.3286163644955161
Server1_439,Server1_315,50.0,0.3946745489066116
Server1_315,Server1_439,50.0,0.3946745489066116
Server1_199,Server1_45,50.0,0.3354771743548266
Server1_45,Server1_199,50.0,0.3354771743548266
Server1_264,Server1_82,50.0,0.377163743066592
Server1_82,Server1_264,50.0,0.377163743066592
Server1_381,Server1_56,50.0,0.340369152295714
Server1_56,Server1_381,50.0,0.340369152295714
Server1_381,Server1_423,50.0,0.340742781777606
Server1_423,Server1_381,50.0,0.340742781777606
Server1_385,Server1_482,50.0,0.4485496842087668
Server1_482,Server1_385,50.0,0.4485496842087668
Server1_385,Server1_304,50.0,0.3946617975137094
Server1_304,Server1_385,50.0,0.3946617975137094
Server1_144,Server1_3,1.0,2000.0
Server1_3,Server1_144,1.0,2000.0
Server1_144,Server1_237,50.0,0.312811026129581
Server1_237,Server1_144,50.0,0.312811026129581
Server1_144,Server1_288,50.0,0.4051202932627256
Server1_288,Server1_144,50.0,0.4051202932627256
Server1_192,Server1_215,50.0,0.322658117693556
Server1_215,Server1_192,50.0,0.322658117693556
Server1_158,Server1_386,50.0,0.2809621115605622
Server1_386,Server1_158,50.0,0.2809621115605622
Server1_422,Server1_341,50.0,0.3306805376509392
Server1_341,Server1_422,50.0,0.3306805376509392
Server1_422,Server1_496,50.0,0.4390344526032145
Server1_496,Server1_422,50.0,0.4390344526032145
Server1_216,Server1_286,50.0,0.2941245861854155
Server1_286,Server1_216,50.0,0.2941245861854155
Server1_205,Server1_316,50.0,0.2928491613758782
Server1_316,Server1_205,50.0,0.2928491613758782
Server1_145,Server1_495,50.0,0.368283398958907
Server1_495,Server1_145,50.0,0.368283398958907
Server1_408,Server1_91,50.0,0.3463781675668587
Server1_91,Server1_408,50.0,0.3463781675668587
Server1_313,Server1_398,50.0,0.3849998319547912
Server1_398,Server1_313,50.0,0.3849998319547912
Server1_313,Server1_245,50.0,0.4612227554850616
Server1_245,Server1_313,50.0,0.4612227554850616
Server1_147,Server1_11,50.0,0.315934885211394
Server1_11,Server1_147,50.0,0.315934885211394
Server1_147,Server1_407,50.0,0.316663014239983
Server1_407,Server1_147,50.0,0.316663014239983
Server1_147,Server1_31,50.0,0.3419270005857498
Server1_31,Server1_147,50.0,0.3419270005857498
Server1_217,Server1_394,50.0,0.3943838729717548
Server1_394,Server1_217,50.0,0.3943838729717548
Server1_128,Server1_6,50.0,0.3933536699679079
Server1_6,Server1_128,50.0,0.3933536699679079
Server1_128,Server1_498,50.0,0.3661126810396474
Server1_498,Server1_128,50.0,0.3661126810396474
Server1_128,Server1_284,50.0,0.397011760824552
Server1_284,Server1_128,50.0,0.397011760824552
Server1_198,Server1_51,1.0,2000.0
Server1_51,Server1_198,1.0,2000.0
Server1_198,Server1_101,50.0,0.3841330409422576
Server1_101,Server1_198,50.0,0.3841330409422576
Server1_120,Server1_245,50.0,0.3903961756200536
Server1_245,Server1_120,50.0,0.3903961756200536
Server1_117,Server1_450,50.0,0.377655614929351
Server1_450,Server1_117,50.0,0.377655614929351
Server1_286,Server1_200,50.0,0.397027785500282
Server1_200,Server1_286,50.0,0.397027785500282
Server1_286,Server1_475,50.0,0.3707173452249357
Server1_475,Server1_286,50.0,0.3707173452249357
Server1_418,Server1_285,50.0,0.349668120383055
Server1_285,Server1_418,50.0,0.349668120383055
Server1_418,Server1_90,1.0,2000.0
Server1_90,Server1_418,1.0,2000.0
Server1_418,Server1_218,50.0,0.3467337377079536
Server1_218,Server1_418,50.0,0.3467337377079536
Server1_32,Server1_89,1.0,2000.0
Server1_89,Server1_32,1.0,2000.0
Server1_446,Server1_132,50.0,0.2911480330867746
Server1_132,Server1_446,50.0,0.2911480330867746
Server1_446,Server1_240,50.0,0.3842191800875116
Server1_240,Server1_446,50.0,0.3842191800875116
Server1_177,Server1_226,50.0,0.3735287674150412
Server1_226,Server1_177,50.0,0.3735287674150412
Server1_177,Server1_160,50.0,0.2995432700426914
Server1_160,Server1_177,50.0,0.2995432700426914
Server1_218,Server1_20,50.0,0.3616574116356236
Server1_20,Server1_218,50.0,0.3616574116356236
Server1_218,Server1_29,1.0,2000.0
Server1_29,Server1_218,1.0,2000.0
Server1_17,Server1_274,50.0,0.431288629025402
Server1_274,Server1_17,50.0,0.431288629025402
Server1_17,Server1_332,50.0,0.4375618744901262
Server1_332,Server1_17,50.0,0.4375618744901262
Server1_17,Server1_395,50.0,0.346618430897491
Server1_395,Server1_17,50.0,0.346618430897491
Server1_61,Server1_88,50.0,0.3496839510347458
Server1_88,Server1_61,50.0,0.3496839510347458
Server1_384,Server1_131,50.0,0.3516021308720858
Server1_131,Server1_384,50.0,0.3516021308720858
Server1_71,Server1_478,50.0,0.3606821773876626
Server1_478,Server1_71,50.0,0.3606821773876626
Server1_179,Server1_474,50.0,0.4302027382423841
Server1_474,Server1_179,50.0,0.4302027382423841
Server1_179,Server1_162,50.0,0.3533795382504682
Server1_162,Server1_179,50.0,0.3533795382504682
Server1_266,Server1_170,50.0,0.4010778204661312
Server1_170,Server1_266,50.0,0.4010778204661312
Server1_266,Server1_196,50.0,0.4290134948903374
Server1_196,Server1_266,50.0,0.4290134948903374
Server1_266,Server1_22,50.0,0.4371875673497012
Server1_22,Server1_266,50.0,0.4371875673497012
Server1_99,Server1_146,50.0,0.3417425083648279
Server1_146,Server1_99,50.0,0.3417425083648279
Server1_99,Server1_405,50.0,0.3071186817611784
Server1_405,Server1_99,50.0,0.3071186817611784
Server1_94,Server1_268,50.0,0.327919649100464
Server1_268,Server1_94,50.0,0.327919649100464
Server1_94,Server1_351,50.0,0.3236406221700554
Server1_351,Server1_94,50.0,0.3236406221700554
Server1_73,Server1_262,50.0,0.3137024823644114
Server1_262,Server1_73,50.0,0.3137024823644114
Server1_73,Server1_282,50.0,0.3179459861653338
Server1_282,Server1_73,50.0,0.3179459861653338
Server1_73,Server1_73,50.0,0.3152611523781158
Server1_343,Server1_368,50.0,0.3626146452953402
Server1_368,Server1_343,50.0,0.3626146452953402
Server1_343,Server1_371,50.0,0.4788601196161953
Server1_371,Server1_343,50.0,0.4788601196161953
Server1_343,Server1_92,50.0,0.4240064366169819
Server1_92,Server1_343,50.0,0.4240064366169819
Server1_433,Server1_349,50.0,0.404336889175493
Server1_349,Server1_433,50.0,0.404336889175493
Server1_37,Server1_335,1.0,2000.0
Server1_335,Server1_37,1.0,2000.0
Server1_37,Server1_483,50.0,0.3880127530493669
Server1_483,Server1_37,50.0,0.3880127530493669
Server1_452,Server1_210,50.0,0.4401712429684064
Server1_210,Server1_452,50.0,0.4401712429684064
Server1_452,Server1_311,1.0,2000.0
Server1_311,Server1_452,1.0,2000.0
Server1_452,Server1_100,50.0,0.443882050110161
Server1_100,Server1_452,50.0,0.443882050110161
Server1_28,Server1_28,50.0,0.2831590363688809
Server1_28,Server1_53,50.0,0.3615683556711997
Server1_53,Server1_28,50.0,0.3615683556711997
Server1_28,Server1_18,50.0,0.3780071359675276
Server1_18,Server1_28,50.0,0.3780071359675276
Server1_180,Server1_160,50.0,0.3438420726451639
Server1_160,Server1_180,50.0,0.3438420726451639
Server1_180,Server1_325,50.0,0.3545971125131661
Server1_325,Server1_180,50.0,0.3545971125131661
Server1_180,Server1_374,50.0,0.3993448292063568
Server1_374,Server1_180,50.0,0.3993448292063568
Server1_495,Server1_436,50.0,0.3012789746678991
Server1_436,Server1_495,50.0,0.3012789746678991
Server1_495,Server1_291,50.0,0.3467733038486433
Server1_291,Server1_495,50.0,0.3467733038486433
Server1_483,Server1_98,50.0,0.3175535210827258
Server1_98,Server1_483,50.0,0.3175535210827258
Server1_113,Server1_369,50.0,0.2672837191609292
Server1_369,Server1_113,50.0,0.2672837191609292
Server1_113,Server1_215,50.0,0.3914475271220172
Server1_215,Server1_113,50.0,0.3914475271220172
Server1_92,Server1_186,50.0,0.2918456864114317
Server1_186,Server1_92,50.0,0.2918456864114317
Server1_349,Server1_274,50.0,0.4779992068375367
Server1_274,Server1_349,50.0,0.4779992068375367
Server1_349,Server1_395,50.0,0.4244267695908223
Server1_395,Server1_349,50.0,0.4244267695908223
Server1_271,Server1_96,50.0,0.3218834685448755
Server1_96,Server1_271,50.0,0.3218834685448755
Server1_271,Server1_278,50.0,0.3215714314214139
Server1_278,Server1_271,50.0,0.3215714314214139
Server1_271,Server1_229,50.0,0.315002767576835
Server1_229,Server1_271,50.0,0.315002767576835
Server1_283,Server1_150,50.0,0.3599854849570222
Server1_150,Server1_283,50.0,0.3599854849570222
Server1_108,Server1_113,50.0,0.3334453938387306
Server1_113,Server1_108,50.0,0.3334453938387306
Server1_173,Server1_88,50.0,0.3857423702964141
Server1_88,Server1_173,50.0,0.3857423702964141
Server1_441,Server1_450,50.0,0.4387920782604376
Server1_450,Server1_441,50.0,0.4387920782604376
Server1_441,Server1_425,50.0,0.421607748848171
Server1_425,Server1_441,50.0,0.421607748848171
Server1_152,Server1_210,50.0,0.3921645437724724
Server1_210,Server1_152,50.0,0.3921645437724724
Server1_152,Server1_392,50.0,0.390507443628882
Server1_392,Server1_152,50.0,0.390507443628882
Server1_242,Server1_30,50.0,0.3076809094432471
Server1_30,Server1_242,50.0,0.3076809094432471
Server1_374,Server1_160,50.0,0.3759934207569308
Server1_160,Server1_374,50.0,0.3759934207569308
Server1_374,Server1_153,50.0,0.3876478074687758
Server1_153,Server1_374,50.0,0.3876478074687758
Server1_207,Server1_382,50.0,0.4205087659788297
Server1_382,Server1_207,50.0,0.4205087659788297
Server1_207,Server1_228,1.0,2000.0
Server1_228,Server1_207,1.0,2000.0
Server1_207,Server1_168,50.0,0.4092167739527313
Server1_168,Server1_207,50.0,0.4092167739527313
Server1_125,Server1_11,50.0,0.2715491099613952
Server1_11,Server1_125,50.0,0.2715491099613952
Server1_125,Server1_442,50.0,0.2806298824324342
Server1_442,Server1_125,50.0,0.2806298824324342
Server1_410,Server1_56,50.0,0.4670241770623568
Server1_56,Server1_410,50.0,0.4670241770623568
Server1_410,Server1_257,50.0,0.4168490334351408
Server1_257,Server1_410,50.0,0.4168490334351408
Server1_75,Server1_38,50.0,0.2928582916653529
Server1_38,Server1_75,50.0,0.2928582916653529
Server1_75,Server1_412,50.0,0.3922174050483597
Server1_412,Server1_75,50.0,0.3922174050483597
Server1_428,Server1_275,50.0,0.3482363489533116
Server1_275,Server1_428,50.0,0.3482363489533116
Server1_227,Server1_291,50.0,0.3235806054243656
Server1_291,Server1_227,50.0,0.3235806054243656
Server1_321,Server1_132,50.0,0.4898464060830028
Server1_132,Server1_321,50.0,0.4898464060830028
Server1_321,Server1_410,50.0,0.3084491189035764
Server1_410,Server1_321,50.0,0.3084491189035764
Server1_321,Server1_302,50.0,0.4038755250766717
Server1_302,Server1_321,50.0,0.4038755250766717
Server1_230,Server1_42,50.0,0.3872651779467732
Server1_42,Server1_230,50.0,0.3872651779467732
Server1_316,Server1_10,50.0,0.4396829143427876
Server1_10,Server1_316,50.0,0.4396829143427876
Server1_316,Server1_71,50.0,0.324121639378728
Server1_71,Server1_316,50.0,0.324121639378728
Server1_352,Server1_20,50.0,0.366769410364421
Server1_20,Server1_352,50.0,0.366769410364421
Server1_376,Server1_95,50.0,0.3834487617138734
Server1_95,Server1_376,50.0,0.3834487617138734
Server1_376,Server1_133,50.0,0.4225647242238794
Server1_133,Server1_376,50.0,0.4225647242238794
Server1_376,Server1_439,50.0,0.4023043016498077
Server1_439,Server1_376,50.0,0.4023043016498077
Server1_20,Server1_418,50.0,0.3985737413997316
Server1_418,Server1_20,50.0,0.3985737413997316
Server1_363,Server1_311,1.0,2000.0
Server1_311,Server1_363,1.0,2000.0
Server1_363,Server1_452,50.0,0.3613256043541556
Server1_452,Server1_363,50.0,0.3613256043541556
Server1_361,Server1_180,50.0,0.3539362991404742
Server1_180,Server1_361,50.0,0.3539362991404742
Server1_361,Server1_167,50.0,0.3169185494455315
Server1_167,Server1_361,50.0,0.3169185494455315
Server1_361,Server1_374,50.0,0.3642772588343922
Server1_374,Server1_361,50.0,0.3642772588343922
Server1_163,Server1_209,50.0,0.3857043954572484
Server1_209,Server1_163,50.0,0.3857043954572484
Server1_163,Server1_268,50.0,0.3219571464351958
Server1_268,Server1_163,50.0,0.3219571464351958
Server1_163,Server1_413,1.0,2000.0
Server1_413,Server1_163,1.0,2000.0
Server1_63,Server1_359,50.0,0.2659127133544318
Server1_359,Server1_63,50.0,0.2659127133544318
Server1_312,Server1_280,50.0,0.336025213940163
Server1_280,Server1_312,50.0,0.336025213940163
Server1_312,Server1_4,50.0,0.3447225044080296
Server1_4,Server1_312,50.0,0.3447225044080296
Server1_312,Server1_377,50.0,0.4014241879818581
Server1_377,Server1_312,50.0,0.4014241879818581
Server1_378,Server1_491,1.0,2000.0
Server1_491,Server1_378,1.0,2000.0
Server1_16,Server1_194,50.0,0.2689935886570625
Server1_194,Server1_16,50.0,0.2689935886570625
Server1_330,Server1_93,1.0,2000.0
Server1_93,Server1_330,1.0,2000.0
Server1_305,Server1_135,50.0,0.2816065188396666
Server1_135,Server1_305,50.0,0.2816065188396666
Server1_305,Server1_467,50.0,0.3719510910418604
Server1_467,Server1_305,50.0,0.3719510910418604
Server1_387,Server1_102,50.0,0.3777422236015049
Server1_102,Server1_387,50.0,0.3777422236015049
Server1_387,Server1_8,50.0,0.3118943378551393
Server1_8,Server1_387,50.0,0.3118943378551393
Server1_387,Server1_496,50.0,0.3992953040014337
Server1_496,Server1_387,50.0,0.3992953040014337
Server1_391,Server1_412,50.0,0.3980996129863602
Server1_412,Server1_391,50.0,0.3980996129863602
Server1_391,Server1_498,50.0,0.3926010616142068
Server1_498,Server1_391,50.0,0.3926010616142068
Server1_412,Server1_164,50.0,0.3549975522530255
Server1_164,Server1_412,50.0,0.3549975522530255
Server1_412,Server1_498,50.0,0.4120078916769166
Server1_498,Server1_412,50.0,0.4120078916769166
Server1_412,Server1_28,50.0,0.342099274527155
Server1_28,Server1_412,50.0,0.342099274527155
Server1_469,Server1_492,50.0,0.4112839729328174
Server1_492,Server1_469,50.0,0.4112839729328174
Server1_407,Server1_171,50.0,0.3825796499235744
Server1_171,Server1_407,50.0,0.3825796499235744
Server1_424,Server1_150,50.0,0.3838443976109508
Server1_150,Server1_424,50.0,0.3838443976109508
Server1_424,Server1_365,50.0,0.3537407917656016
Server1_365,Server1_424,50.0,0.3537407917656016
Server1_74,Server1_195,1.0,2000.0
Server1_195,Server1_74,1.0,2000.0
Server1_74,Server1_196,50.0,0.4727739189607605
Server1_196,Server1_74,50.0,0.4727739189607605
Server1_47,Server1_109,50.0,0.3646684985118606
Server1_109,Server1_47,50.0,0.3646684985118606
Server1_40,Server1_362,50.0,0.3151899160235067
Server1_362,Server1_40,50.0,0.3151899160235067
Server1_40,Server1_32,50.0,0.3874398820456972
Server1_32,Server1_40,50.0,0.3874398820456972
Server1_8,Server1_287,50.0,0.315603225903104
Server1_287,Server1_8,50.0,0.315603225903104
Server1_362,Server1_320,50.0,0.2885602185389313
Server1_320,Server1_362,50.0,0.2885602185389313
Server1_362,Server1_32,50.0,0.2798781007103144
Server1_32,Server1_362,50.0,0.2798781007103144
Server1_201,Server1_236,1.0,2000.0
Server1_236,Server1_201,1.0,2000.0
Server1_201,Server1_431,50.0,0.2700484807702898
Server1_431,Server1_201,50.0,0.2700484807702898
Server1_187,Server1_366,50.0,0.3439526526641202
Server1_366,Server1_187,50.0,0.3439526526641202
Server1_187,Server1_370,50.0,0.4243504369933039
Server1_370,Server1_187,50.0,0.4243504369933039
Server1_143,Server1_235,50.0,0.3007121394211912
Server1_235,Server1_143,50.0,0.3007121394211912
Server1_143,Server1_261,50.0,0.3746912994186995
Server1_261,Server1_143,50.0,0.3746912994186995
Server1_290,Server1_389,50.0,0.4255499345773406
Server1_389,Server1_290,50.0,0.4255499345773406
Server1_176,Server1_173,50.0,0.4074516684763426
Server1_173,Server1_176,50.0,0.4074516684763426
Server1_336,Server1_427,50.0,0.3705396510308037
Server1_427,Server1_336,50.0,0.3705396510308037
Server1_336,Server1_172,1.0,2000.0
Server1_172,Server1_336,1.0,2000.0
Server1_272,Server1_208,1.0,2000.0
Server1_208,Server1_272,1.0,2000.0
Server1_272,Server1_409,50.0,0.4049632450165961
Server1_409,Server1_272,50.0,0.4049632450165961
Server1_272,Server1_68,1.0,2000.0
Server1_68,Server1_272,1.0,2000.0
Server1_430,Server1_10,50.0,0.3653608696504945
Server1_10,Server1_430,50.0,0.3653608696504945
Server1_430,Server1_1,1.0,2000.0
Server1_1,Server1_430,1.0,2000.0
Server1_134,Server1_383,50.0,0.4179183792551312
Server1_383,Server1_134,50.0,0.4179183792551312
Server1_248,Server1_134,50.0,0.3743286922939995
Server1_134,Server1_248,50.0,0.3743286922939995
Server1_248,Server1_411,50.0,0.2790943816393907
Server1_411,Server1_248,50.0,0.2790943816393907
Server1_248,Server1_448,50.0,0.382384720322185
Server1_448,Server1_248,50.0,0.382384720322185
Server1_234,Server1_442,50.0,0.3849209312069074
Server1_442,Server1_234,50.0,0.3849209312069074
Server1_234,Server1_11,50.0,0.311875932262677
Server1_11,Server1_234,50.0,0.311875932262677
Server1_310,Server1_189,50.0,0.330339755550005
Server1_189,Server1_310,50.0,0.330339755550005
Server1_415,Server1_112,50.0,0.295249459683406
Server1_112,Server1_415,50.0,0.295249459683406
Server1_270,Server1_273,50.0,0.2784553911860726
Server1_273,Server1_270,50.0,0.2784553911860726
Server1_270,Server1_269,50.0,0.3790986148360575
Server1_269,Server1_270,50.0,0.3790986148360575
Server1_58,Server1_357,50.0,0.3044728752095064
Server1_357,Server1_58,50.0,0.3044728752095064
Server1_58,Server1_95,50.0,0.3397060919580322
Server1_95,Server1_58,50.0,0.3397060919580322
Server1_171,Server1_25,50.0,0.3038527536343984
Server1_25,Server1_171,50.0,0.3038527536343984
Server1_171,Server1_236,1.0,2000.0
Server1_236,Server1_171,1.0,2000.0
Server1_171,Server1_21,1.0,2000.0
Server1_21,Server1_171,1.0,2000.0
Server1_123,Server1_255,50.0,0.3697321868010268
Server1_255,Server1_123,50.0,0.3697321868010268
Server1_397,Server1_46,1.0,2000.0
Server1_46,Server1_397,1.0,2000.0
Server1_4,Server1_280,50.0,0.4170971599578976
Server1_280,Server1_4,50.0,0.4170971599578976
Server1_82,Server1_306,50.0,0.5390355321435587
Server1_306,Server1_82,50.0,0.5390355321435587
Server1_82,Server1_120,50.0,0.5418774742920064
Server1_120,Server1_82,50.0,0.5418774742920064
Server1_440,Server1_204,50.0,0.3789383980669358
Server1_204,Server1_440,50.0,0.3789383980669358
Server1_440,Server1_416,50.0,0.3334966922318046
Server1_416,Server1_440,50.0,0.3334966922318046
Server1_440,Server1_63,50.0,0.3397489629539985
Server1_63,Server1_440,50.0,0.3397489629539985
Server1_10,Server1_475,50.0,0.3684057361299162
Server1_475,Server1_10,50.0,0.3684057361299162
Server1_10,Server1_443,50.0,0.2988048880891668
Server1_443,Server1_10,50.0,0.2988048880891668
Server1_10,Server1_104,50.0,0.307584534916865
Server1_104,Server1_10,50.0,0.307584534916865
Server1_382,Server1_197,50.0,0.393872102530567
Server1_197,Server1_382,50.0,0.393872102530567
Server1_382,Server1_256,50.0,0.414014378005134
Server1_256,Server1_382,50.0,0.414014378005134
Server1_206,Server1_40,50.0,0.3635364039665187
Server1_40,Server1_206,50.0,0.3635364039665187
Server1_274,Server1_332,50.0,0.4207346525201156
Server1_332,Server1_274,50.0,0.4207346525201156
Server1_347,Server1_206,50.0,0.4362764339555246
Server1_206,Server1_347,50.0,0.4362764339555246
Server1_353,Server1_217,50.0,0.283285318632826
Server1_217,Server1_353,50.0,0.283285318632826
Server1_353,Server1_379,50.0,0.2868805239452036
Server1_379,Server1_353,50.0,0.2868805239452036
Server1_496,Server1_287,50.0,0.2937826120948632
Server1_287,Server1_496,50.0,0.2937826120948632
Server1_496,Server1_441,50.0,0.2874059001123944
Server1_441,Server1_496,50.0,0.2874059001123944
Server1_400,Server1_62,50.0,0.4001066081598347
Server1_62,Server1_400,50.0,0.4001066081598347
Server1_400,Server1_402,50.0,0.3767122050890374
Server1_402,Server1_400,50.0,0.3767122050890374
Server1_400,Server1_475,50.0,0.2815182462139336
Server1_475,Server1_400,50.0,0.2815182462139336
Server1_450,Server1_55,50.0,0.4143620348570856
Server1_55,Server1_450,50.0,0.4143620348570856
Server1_184,Server1_447,1.0,2000.0
Server1_447,Server1_184,1.0,2000.0
Server1_184,Server1_270,50.0,0.5293408752787963
Server1_270,Server1_184,50.0,0.5293408752787963
Server1_170,Server1_196,50.0,0.3667586152709158
Server1_196,Server1_170,50.0,0.3667586152709158
Server1_421,Server1_176,50.0,0.3437857323614698
Server1_176,Server1_421,50.0,0.3437857323614698
Server1_284,Server1_263,50.0,0.3175660333622705
Server1_263,Server1_284,50.0,0.3175660333622705
Server1_284,Server1_242,50.0,0.4306602700863863
Server1_242,Server1_284,50.0,0.4306602700863863
Server1_159,Server1_332,50.0,0.3739187904475364
Server1_332,Server1_159,50.0,0.3739187904475364
Server1_159,Server1_338,50.0,0.4142236305251884
Server1_338,Server1_159,50.0,0.4142236305251884
Server1_306,Server1_434,50.0,0.4001619949787254
Server1_434,Server1_306,50.0,0.4001619949787254
Server1_463,Server1_466,50.0,0.3467316916137485
Server1_466,Server1_463,50.0,0.3467316916137485
Server1_463,Server1_463,50.0,0.3807344176540428
Server1_463,Server1_85,50.0,0.3950670041475484
Server1_85,Server1_463,50.0,0.3950670041475484
Server1_468,Server1_346,50.0,0.2859642096619634
Server1_346,Server1_468,50.0,0.2859642096619634
Server1_468,Server1_72,1.0,2000.0
Server1_72,Server1_468,1.0,2000.0
Server1_468,Server1_477,50.0,0.3191886425642314
Server1_477,Server1_468,50.0,0.3191886425642314
Server1_54,Server1_227,50.0,0.3648411289417644
Server1_227,Server1_54,50.0,0.3648411289417644
Server1_162,Server1_255,50.0,0.3306592695725838
Server1_255,Server1_162,50.0,0.3306592695725838
Server1_162,Server1_480,50.0,0.374049385357074
Server1_480,Server1_162,50.0,0.374049385357074
Server1_124,Server1_309,50.0,0.3352800532889206
Server1_309,Server1_124,50.0,0.3352800532889206
Server1_124,Server1_294,1.0,2000.0
Server1_294,Server1_124,1.0,2000.0
Server1_119,Server1_390,50.0,0.3494269677834644
Server1_390,Server1_119,50.0,0.3494269677834644
Server1_119,Server1_224,50.0,0.4086537223380104
Server1_224,Server1_119,50.0,0.4086537223380104
Server1_119,Server1_486,50.0,0.2692782995310456
Server1_486,Server1_119,50.0,0.2692782995310456
Server1_432,Server1_365,50.0,0.3831742104828632
Server1_365,Server1_432,50.0,0.3831742104828632
Server1_432,Server1_337,50.0,0.4093059025962283
Server1_337,Server1_432,50.0,0.4093059025962283
Server1_432,Server1_149,50.0,0.3547080686401028
Server1_149,Server1_432,50.0,0.3547080686401028
Server1_389,Server1_381,50.0,0.3924733464759958
Server1_381,Server1_389,50.0,0.3924733464759958
Server1_389,Server1_129,50.0,0.3870123624142208
Server1_129,Server1_389,50.0,0.3870123624142208
Server1_81,Server1_439,50.0,0.313279477276752
Server1_439,Server1_81,50.0,0.313279477276752
Server1_260,Server1_309,50.0,0.4009195112724396
Server1_309,Server1_260,50.0,0.4009195112724396
Server1_260,Server1_370,50.0,0.3459661699819752
Server1_370,Server1_260,50.0,0.3459661699819752
Server1_260,Server1_45,50.0,0.3542146071535903
Server1_45,Server1_260,50.0,0.3542146071535903
Server1_490,Server1_405,50.0,0.3904610896810868
Server1_405,Server1_490,50.0,0.3904610896810868
Server1_490,Server1_229,50.0,0.4068912533276642
Server1_229,Server1_490,50.0,0.4068912533276642
Server1_370,Server1_467,50.0,0.388042822717116
Server1_467,Server1_370,50.0,0.388042822717116
Server1_370,Server1_45,50.0,0.334762859631573
Server1_45,Server1_370,50.0,0.334762859631573
Server1_485,Server1_23,50.0,0.3687091158820362
Server1_23,Server1_485,50.0,0.3687091158820362
Server1_485,Server1_68,1.0,2000.0
Server1_68,Server1_485,1.0,2000.0
Server1_279,Server1_356,1.0,2000.0
Server1_356,Server1_279,1.0,2000.0
Server1_279,Server1_369,50.0,0.3877799940249584
Server1_369,Server1_279,50.0,0.3877799940249584
Server1_279,Server1_108,50.0,0.2992379405489748
Server1_108,Server1_279,50.0,0.2992379405489748
Server1_481,Server1_303,50.0,0.3331590970117727
Server1_303,Server1_481,50.0,0.3331590970117727
Server1_481,Server1_498,50.0,0.3952096151161003
Server1_498,Server1_481,50.0,0.3952096151161003
Server1_481,Server1_164,50.0,0.2806408402870282
Server1_164,Server1_481,50.0,0.2806408402870282
Server1_451,Server1_267,50.0,0.3587627823452702
Server1_267,Server1_451,50.0,0.3587627823452702
Server1_451,Server1_259,50.0,0.3071775338771082
Server1_259,Server1_451,50.0,0.3071775338771082
Server1_451,Server1_12,50.0,0.4023634603678086
Server1_12,Server1_451,50.0,0.4023634603678086
Server1_402,Server1_222,50.0,0.3746734768774178
Server1_222,Server1_402,50.0,0.3746734768774178
Server1_220,Server1_265,50.0,0.2916269646587886
Server1_265,Server1_220,50.0,0.2916269646587886
Server1_220,Server1_439,50.0,0.3826525029606472
Server1_439,Server1_220,50.0,0.3826525029606472
Server1_220,Server1_308,50.0,0.3232428167511308
Server1_308,Server1_220,50.0,0.3232428167511308
Server1_84,Server1_24,50.0,0.3541680181855158
Server1_24,Server1_84,50.0,0.3541680181855158
Server1_84,Server1_49,50.0,0.3752407646279405
Server1_49,Server1_84,50.0,0.3752407646279405
Server1_148,Server1_489,1.0,2000.0
Server1_489,Server1_148,1.0,2000.0
Server1_148,Server1_40,50.0,0.3518895423207492
Server1_40,Server1_148,50.0,0.3518895423207492
Server1_148,Server1_32,50.0,0.2970276617798998
Server1_32,Server1_148,50.0,0.2970276617798998
Server1_175,Server1_347,50.0,0.3939772646097716
Server1_347,Server1_175,50.0,0.3939772646097716
Server1_22,Server1_196,50.0,0.3589187363754008
Server1_196,Server1_22,50.0,0.3589187363754008
Server1_309,Server1_370,50.0,0.3159199863190078
Server1_370,Server1_309,50.0,0.3159199863190078
Server1_31,Server1_214,50.0,0.3402085827004478
Server1_214,Server1_31,50.0,0.3402085827004478
Server1_366,Server1_124,50.0,0.3507486351514335
Server1_124,Server1_366,50.0,0.3507486351514335
Server1_366,Server1_305,50.0,0.3177504952825208
Server1_305,Server1_366,50.0,0.3177504952825208
Server1_277,Server1_114,50.0,0.3047242494652886
Server1_114,Server1_277,50.0,0.3047242494652886
Server1_454,Server1_355,50.0,0.4167878882649152
Server1_355,Server1_454,50.0,0.4167878882649152
Server1_457,Server1_9,50.0,0.46167907354399
Server1_9,Server1_457,50.0,0.46167907354399
Server1_194,Server1_487,50.0,0.3422749233077098
Server1_487,Server1_194,50.0,0.3422749233077098
Server1_194,Server1_158,50.0,0.3090188910435264
Server1_158,Server1_194,50.0,0.3090188910435264
Server1_194,Server1_394,50.0,0.4098542240446688
Server1_394,Server1_194,50.0,0.4098542240446688
Server1_197,Server1_12,50.0,0.3400368675688446
Server1_12,Server1_197,50.0,0.3400368675688446
Server1_197,Server1_354,50.0,0.296108604065969
Server1_354,Server1_197,50.0,0.296108604065969
Server1_41,Server1_151,50.0,0.3879796955083192
Server1_151,Server1_41,50.0,0.3879796955083192
Server1_70,Server1_10,50.0,0.3883397810977528
Server1_10,Server1_70,50.0,0.3883397810977528
Server1_70,Server1_289,50.0,0.3623958704861242
Server1_289,Server1_70,50.0,0.3623958704861242
Server1_70,Server1_104,50.0,0.3287354785927263
Server1_104,Server1_70,50.0,0.3287354785927263
Server1_259,Server1_12,50.0,0.2735120638066777
Server1_12,Server1_259,50.0,0.2735120638066777
Server1_259,Server1_382,50.0,0.2806135251688394
Server1_382,Server1_259,50.0,0.2806135251688394
Server1_259,Server1_354,50.0,0.3209747292373442
Server1_354,Server1_259,50.0,0.3209747292373442
Server1_13,Server1_310,50.0,0.38187819445645
Server1_310,Server1_13,50.0,0.38187819445645
Server1_13,Server1_66,50.0,0.3987159395468292
Server1_66,Server1_13,50.0,0.3987159395468292
Server1_13,Server1_38,50.0,0.3273067967057325
Server1_38,Server1_13,50.0,0.3273067967057325
Server1_479,Server1_201,50.0,0.3704575531049154
Server1_201,Server1_479,50.0,0.3704575531049154
Server1_479,Server1_431,50.0,0.2750928218741707
Server1_431,Server1_479,50.0,0.2750928218741707
Server1_229,Server1_369,50.0,0.2863933987068692
Server1_369,Server1_229,50.0,0.2863933987068692
Server1_229,Server1_251,50.0,0.2690171493435079
Server1_251,Server1_229,50.0,0.2690171493435079
Server1_291,Server1_258,50.0,0.3469607337497626
Server1_258,Server1_291,50.0,0.3469607337497626
Server1_291,Server1_436,50.0,0.4082778983703968
Server1_436,Server1_291,50.0,0.4082778983703968
Server1_78,Server1_160,50.0,0.4659426143010169
Server1_160,Server1_78,50.0,0.4659426143010169
Server1_78,Server1_361,50.0,0.4249648622395858
Server1_361,Server1_78,50.0,0.4249648622395858
Server1_396,Server1_182,50.0,0.3312830628980294
Server1_182,Server1_396,50.0,0.3312830628980294
Server1_396,Server1_35,50.0,0.3505768977807401
Server1_35,Server1_396,50.0,0.3505768977807401
Server1_196,Server1_221,50.0,0.4005096359407474
Server1_221,Server1_196,50.0,0.4005096359407474
Server1_339,Server1_6,50.0,0.4254373262056876
Server1_6,Server1_339,50.0,0.4254373262056876
Server1_339,Server1_5,50.0,0.3581792067992156
Server1_5,Server1_339,50.0,0.3581792067992156
Server1_338,Server1_455,50.0,0.3118737933259168
Server1_455,Server1_338,50.0,0.3118737933259168
Server1_146,Server1_281,1.0,2000.0
Server1_281,Server1_146,1.0,2000.0
Server1_146,Server1_113,50.0,0.3530567906912108
Server1_113,Server1_146,50.0,0.3530567906912108
Server1_91,Server1_262,50.0,0.2668115437899116
Server1_262,Server1_91,50.0,0.2668115437899116
Server1_91,Server1_463,50.0,0.3605330342029608
Server1_463,Server1_91,50.0,0.3605330342029608
Server1_315,Server1_95,50.0,0.3208780097179836
Server1_95,Server1_315,50.0,0.3208780097179836
Server1_315,Server1_308,50.0,0.3059886864320842
Server1_308,Server1_315,50.0,0.3059886864320842
Server1_401,Server1_45,50.0,0.3625515181657002
Server1_45,Server1_401,50.0,0.3625515181657002
Server1_149,Server1_469,50.0,0.3770275787219562
Server1_469,Server1_149,50.0,0.3770275787219562
Server1_149,Server1_461,50.0,0.3350938536946366
Server1_461,Server1_149,50.0,0.3350938536946366
Server1_372,Server1_170,50.0,0.300872045778025
Server1_170,Server1_372,50.0,0.300872045778025
Server1_372,Server1_252,50.0,0.4672959285384642
Server1_252,Server1_372,50.0,0.4672959285384642
Server1_394,Server1_62,50.0,0.3552143192512443
Server1_62,Server1_394,50.0,0.3552143192512443
Server1_394,Server1_326,50.0,0.3433015909468818
Server1_326,Server1_394,50.0,0.3433015909468818
Server1_96,Server1_405,50.0,0.3420477937813821
Server1_405,Server1_96,50.0,0.3420477937813821
Server1_96,Server1_251,50.0,0.2936347000398606
Server1_251,Server1_96,50.0,0.2936347000398606
Server1_104,Server1_400,50.0,0.3744849676698363
Server1_400,Server1_104,50.0,0.3744849676698363
Server1_104,Server1_222,50.0,0.3106839457553602
Server1_222,Server1_104,50.0,0.3106839457553602
Server1_318,Server1_443,50.0,0.3031775165508652
Server1_443,Server1_318,50.0,0.3031775165508652
Server1_318,Server1_286,50.0,0.3426894731056966
Server1_286,Server1_318,50.0,0.3426894731056966
Server1_318,Server1_475,50.0,0.3240202609942218
Server1_475,Server1_318,50.0,0.3240202609942218
Server1_110,Server1_51,1.0,2000.0
Server1_51,Server1_110,1.0,2000.0
Server1_110,Server1_403,50.0,0.3973518839990478
Server1_403,Server1_110,50.0,0.3973518839990478
Server1_160,Server1_325,50.0,0.2966345413620331
Server1_325,Server1_160,50.0,0.2966345413620331
Server1_106,Server1_48,50.0,0.3992277541629803
Server1_48,Server1_106,50.0,0.3992277541629803
Server1_448,Server1_134,50.0,0.4049395774945751
Server1_134,Server1_448,50.0,0.4049395774945751
Server1_240,Server1_381,50.0,0.4323089843693727
Server1_381,Server1_240,50.0,0.4323089843693727
Server1_240,Server1_129,50.0,0.3119960885049654
Server1_129,Server1_240,50.0,0.3119960885049654
Server1_406,Server1_234,50.0,0.3105008898137943
Server1_234,Server1_406,50.0,0.3105008898137943
Server1_406,Server1_125,50.0,0.3812931995789963
Server1_125,Server1_406,50.0,0.3812931995789963
Server1_445,Server1_95,50.0,0.351681897711354
Server1_95,Server1_445,50.0,0.351681897711354
Server1_150,Server1_250,50.0,0.3882447387516802
Server1_250,Server1_150,50.0,0.3882447387516802
Server1_153,Server1_177,50.0,0.3974223630628764
Server1_177,Server1_153,50.0,0.3974223630628764
Server1_153,Server1_243,50.0,0.4180642684425488
Server1_243,Server1_153,50.0,0.4180642684425488
Server1_202,Server1_394,50.0,0.3917081751906734
Server1_394,Server1_202,50.0,0.3917081751906734
Server1_202,Server1_326,50.0,0.3796057995265484
Server1_326,Server1_202,50.0,0.3796057995265484
Server1_202,Server1_353,50.0,0.3772830898380024
Server1_353,Server1_202,50.0,0.3772830898380024
Server1_133,Server1_95,50.0,0.3503561060106472
Server1_95,Server1_133,50.0,0.3503561060106472
Server1_105,Server1_146,50.0,0.27850844469975
Server1_146,Server1_105,50.0,0.27850844469975
Server1_379,Server1_194,50.0,0.338743777100837
Server1_194,Server1_379,50.0,0.338743777100837
Server1_375,Server1_61,50.0,0.3946523196173547
Server1_61,Server1_375,50.0,0.3946523196173547
Server1_375,Server1_88,50.0,0.3719486478860962
Server1_88,Server1_375,50.0,0.3719486478860962
Server1_30,Server1_19,50.0,0.3082919404145326
Server1_19,Server1_30,50.0,0.3082919404145326
Server1_30,Server1_412,50.0,0.3264819941714182
Server1_412,Server1_30,50.0,0.3264819941714182
Server1_66,Server1_300,50.0,0.3686018103243446
Server1_300,Server1_66,50.0,0.3686018103243446
Server1_165,Server1_445,50.0,0.3724451747115646
Server1_445,Server1_165,50.0,0.3724451747115646
Server1_373,Server1_276,50.0,0.3188417321341438
Server1_276,Server1_373,50.0,0.3188417321341438
Server1_373,Server1_331,50.0,0.2729033824031709
Server1_331,Server1_373,50.0,0.2729033824031709
Server1_373,Server1_122,50.0,0.332233622204748
Server1_122,Server1_373,50.0,0.332233622204748
Server1_464,Server1_64,50.0,0.3406871897799306
Server1_64,Server1_464,50.0,0.3406871897799306
Server1_464,Server1_331,50.0,0.2882962995902698
Server1_331,Server1_464,50.0,0.2882962995902698
Server1_346,Server1_72,1.0,2000.0
Server1_72,Server1_346,1.0,2000.0
Server1_346,Server1_47,50.0,0.2925782730898274
Server1_47,Server1_346,50.0,0.2925782730898274
Server1_42,Server1_450,50.0,0.2949902815327946
Server1_450,Server1_42,50.0,0.2949902815327946
Server1_405,Server1_281,1.0,2000.0
Server1_281,Server1_405,1.0,2000.0
Server1_276,Server1_276,50.0,0.3951919345847321
Server1_276,Server1_64,50.0,0.3955645791138017
Server1_64,Server1_276,50.0,0.3955645791138017
Server1_276,Server1_463,50.0,0.3204825519558485
Server1_463,Server1_276,50.0,0.3204825519558485
Server1_226,Server1_180,50.0,0.3381064918490474
Server1_180,Server1_226,50.0,0.3381064918490474
Server1_431,Server1_25,50.0,0.3114380973291604
Server1_25,Server1_431,50.0,0.3114380973291604
Server1_431,Server1_214,50.0,0.3290389300196772
Server1_214,Server1_431,50.0,0.3290389300196772
Server1_360,Server1_292,50.0,0.3672078120569766
Server1_292,Server1_360,50.0,0.3672078120569766
Server1_5,Server1_169,50.0,0.4308087767145312
Server1_169,Server1_5,50.0,0.4308087767145312
Server1_109,Server1_468,50.0,0.2958225176793084
Server1_468,Server1_109,50.0,0.2958225176793084
Server1_36,Server1_383,50.0,0.2707546900469312
Server1_383,Server1_36,50.0,0.2707546900469312
Server1_238,Server1_435,1.0,2000.0
Server1_435,Server1_238,1.0,2000.0
Server1_238,Server1_330,50.0,0.3344034758867826
Server1_330,Server1_238,50.0,0.3344034758867826
Server1_238,Server1_93,1.0,2000.0
Server1_93,Server1_238,1.0,2000.0
Server1_83,Server1_75,50.0,0.3335494884697645
Server1_75,Server1_83,50.0,0.3335494884697645
Server1_83,Server1_19,50.0,0.3419497466817846
Server1_19,Server1_83,50.0,0.3419497466817846
Server1_83,Server1_414,1.0,2000.0
Server1_414,Server1_83,1.0,2000.0
Server1_326,Server1_443,50.0,0.316753022368496
Server1_443,Server1_326,50.0,0.316753022368496
Server1_386,Server1_353,50.0,0.3029975579770655
Server1_353,Server1_386,50.0,0.3029975579770655
Server1_386,Server1_202,50.0,0.4006413403560179
Server1_202,Server1_386,50.0,0.4006413403560179
Server1_386,Server1_217,50.0,0.297186207584393
Server1_217,Server1_386,50.0,0.297186207584393
Server1_253,Server1_198,50.0,0.2921302758181375
Server1_198,Server1_253,50.0,0.2921302758181375
Server1_253,Server1_52,50.0,0.3783400644031634
Server1_52,Server1_253,50.0,0.3783400644031634
Server1_403,Server1_268,50.0,0.3083073584430764
Server1_268,Server1_403,50.0,0.3083073584430764
Server1_403,Server1_413,1.0,2000.0
Server1_413,Server1_403,1.0,2000.0
Server1_359,Server1_416,50.0,0.355847635703307
Server1_416,Server1_359,50.0,0.355847635703307
Server1_85,Server1_64,50.0,0.263663772785225
Server1_64,Server1_85,50.0,0.263663772785225
Server1_85,Server1_276,50.0,0.3776853376179705
Server1_276,Server1_85,50.0,0.3776853376179705
Server1_43,Server1_261,50.0,0.3232068863078754
Server1_261,Server1_43,50.0,0.3232068863078754
Server1_43,Server1_256,50.0,0.307616281967234
Server1_256,Server1_43,50.0,0.307616281967234
Server1_465,Server1_378,50.0,0.4024225874186196
Server1_378,Server1_465,50.0,0.4024225874186196
Server1_299,Server1_161,50.0,0.3501326804318776
Server1_161,Server1_299,50.0,0.3501326804318776
Server1_327,Server1_271,50.0,0.410361525191905
Server1_271,Server1_327,50.0,0.410361525191905
Server1_327,Server1_229,50.0,0.3656069380618468
Server1_229,Server1_327,50.0,0.3656069380618468
Server1_327,Server1_154,50.0,0.3321585133681158
Server1_154,Server1_327,50.0,0.3321585133681158
Server1_442,Server1_407,50.0,0.3096266610125936
Server1_407,Server1_442,50.0,0.3096266610125936
Server1_341,Server1_387,50.0,0.3413948760474206
Server1_387,Server1_341,50.0,0.3413948760474206
Server1_341,Server1_203,50.0,0.4825029148279789
Server1_203,Server1_341,50.0,0.4825029148279789
Server1_252,Server1_170,50.0,0.4821678656778022
Server1_170,Server1_252,50.0,0.4821678656778022
Server1_252,Server1_221,50.0,0.3045901236334963
Server1_221,Server1_252,50.0,0.3045901236334963
Server1_156,Server1_112,50.0,0.3574759761305895
Server1_112,Server1_156,50.0,0.3574759761305895
Server1_156,Server1_283,50.0,0.3546612028588741
Server1_283,Server1_156,50.0,0.3546612028588741
