ServerID,Longitude,Latitude,LinkBandwidth,ComputationCapacity,StorageCapacity,TrafficRate,ClusterID,OriginalID,NormalizedCompute
Server1_166,7.9514,47.2455,50,59,28,33,Server1,17441811,1.0
Server1_97,9.5596,46.9159,50,59,19,41,Server1,18532100,1.0
Server1_458,8.4763,47.3891,50,59,35,33,Server1,19258884,1.0
Server1_46,8.5064,47.3716,50,59,18,43,Server1,20571913,1.0
Server1_444,8.3543,47.3129,50,59,25,25,Server1,17340940,1.0
Server1_60,7.6571,47.2035,50,59,17,37,Server1,19313675,1.0
Server1_435,8.4018,47.4197,50,59,16,29,Server1,18626308,1.0
Server1_193,6.5221,46.7293,50,59,34,20,Server1,5262085,1.0
Server1_413,8.6283,47.3982,50,59,35,31,Server1,19527937,1.0
Server1_190,9.8028,46.912,50,59,32,40,Server1,3642370,1.0
Server1_185,7.4678,46.9554,50,59,25,26,Server1,16823814,1.0
Server1_335,7.7891,47.2235,50,59,23,36,Server1,18800391,1.0
Server1_172,8.5311,47.4153,50,59,16,45,Server1,19509249,1.0
Server1_473,8.5655,47.4556,50,59,18,47,Server1,20745226,1.0
Server1_188,6.0951,46.1828,50,58,32,32,Server1,28935713,0.9830508474576272
Server1_29,6.4427,46.7045,50,58,33,23,Server1,19194371,0.9830508474576272
Server1_89,7.2378,47.134,50,58,19,37,Server1,28429057,0.9830508474576272
Server1_79,7.2149,47.04,50,58,34,37,Server1,19187720,0.9830508474576272
Server1_181,8.4421,47.396,50,58,37,43,Server1,18951941,0.9830508474576272
Server1_195,7.924,46.6513,50,58,31,22,Server1,19803139,0.9830508474576272
Server1_130,7.2702,46.4301,50,58,23,42,Server1,18734082,0.9830508474576272
Server1_301,8.668,47.6322,50,58,30,40,Server1,17841157,0.9830508474576272
Server1_281,8.532,47.3694,50,58,21,35,Server1,19003654,0.9830508474576272
Server1_1,7.4476,46.9484,50,58,18,40,Server1,19235079,0.9830508474576272
Server1_3,8.2901,47.2487,50,58,36,26,Server1,18745601,0.9830508474576272
Server1_51,8.6908,47.4422,50,57,21,34,Server1,30566145,0.9661016949152542
Server1_236,7.5892,47.5475,50,57,27,24,Server1,19799043,0.9661016949152542
Server1_447,9.0453,46.7525,50,57,31,43,Server1,18068226,0.9661016949152542
Server1_311,9.8041,46.4617,50,57,25,31,Server1,19174147,0.9661016949152542
Server1_380,8.4418,47.1477,50,57,18,38,Server1,30339123,0.9661016949152542
Server1_21,7.5899,47.5543,50,57,28,39,Server1,10526712,0.9661016949152542
Server1_489,7.2716,47.1468,50,57,17,30,Server1,16813828,0.9661016949152542
Server1_121,9.7929,46.914,50,57,16,30,Server1,29243679,0.9661016949152542
Server1_228,6.2348,46.3763,50,57,16,39,Server1,19454209,0.9661016949152542
Server1_68,8.9924,47.2592,50,57,29,24,Server1,16787969,0.9661016949152542
Server1_488,9.3995,47.7122,50,57,35,40,Server1,7918525,0.9661016949152542
Server1_356,8.5172,47.3845,50,57,33,32,Server1,10530342,0.9661016949152542
Server1_294,6.6495,46.5113,50,57,15,39,Server1,18461190,0.9661016949152542
Server1_208,9.0093,47.1681,50,57,18,32,Server1,30522883,0.9661016949152542
Server1_348,6.7352,46.4949,50,56,26,21,Server1,17857794,0.9491525423728814
Server1_115,8.442,47.396,50,56,15,36,Server1,17436162,0.9491525423728814
Server1_72,8.3303,47.0752,50,56,20,34,Server1,16134152,0.9491525423728814
Server1_472,8.442,47.396,50,56,26,38,Server1,18571526,0.9491525423728814
Server1_314,8.0529,47.3382,50,56,28,35,Server1,28186912,0.9491525423728814
Server1_90,6.5297,46.7209,50,56,34,44,Server1,17700099,0.9491525423728814
Server1_93,8.4117,47.4054,50,56,22,26,Server1,18283265,0.9491525423728814
Server1_322,8.6825,47.5814,50,55,36,44,Server1,30499705,0.9322033898305084
Server1_414,8.3274,47.3973,50,55,33,35,Server1,18127876,0.9322033898305084
Server1_491,7.3294,46.8887,50,55,23,31,Server1,7340950,0.9322033898305084
Server1_174,7.2077,46.9719,50,55,18,24,Server1,16947201,0.9322033898305084
Server1_135,6.6418,46.5186,50,55,36,39,Server1,29952791,0.9322033898305084
Server1_399,8.2631,46.9078,50,55,26,42,Server1,31234591,0.9322033898305084
Server1_404,8.4285,47.403,50,55,15,30,Server1,18891521,0.9322033898305084
Server1_26,8.4181,47.4092,50,55,20,46,Server1,18095361,0.9322033898305084
Server1_69,7.4291,46.9631,50,55,15,23,Server1,18593026,0.9322033898305084
Server1_307,8.4305,47.4051,50,55,15,20,Server1,18878467,0.9322033898305084
Server1_102,6.8603,46.4863,50,55,34,28,Server1,5225476,0.9322033898305084
Server1_293,8.0926,47.3689,50,55,36,27,Server1,19870724,0.9322033898305084
Server1_129,9.3074,47.41,50,55,26,31,Server1,17769734,0.9322033898305084
Server1_459,9.558,46.6726,50,55,25,23,Server1,19530244,0.9322033898305084
Server1_9,8.6231,47.0104,50,55,29,44,Server1,19705601,0.9322033898305084
Server1_420,7.6485,47.6317,50,55,22,21,Server1,19213826,0.9322033898305084
Server1_225,8.9174,47.575,50,54,25,24,Server1,19011078,0.9152542372881356
Server1_329,6.1378,46.2033,50,54,25,37,Server1,7800276,0.9152542372881356
Server1_136,8.5913,47.6645,50,54,29,47,Server1,30556203,0.9152542372881356
Server1_365,7.0905,46.7791,50,54,25,28,Server1,18467330,0.9152542372881356
Server1_237,8.1103,47.1797,50,54,21,39,Server1,16282624,0.9152542372881356
Server1_466,8.4421,47.396,50,54,18,27,Server1,17200743,0.9152542372881356
Server1_470,8.4344,47.4199,50,54,33,27,Server1,30608130,0.9152542372881356
Server1_24,8.6804,47.4018,50,54,33,38,Server1,16962561,0.9152542372881356
Server1_461,7.1966,46.8905,50,54,24,24,Server1,5206532,0.9152542372881356
Server1_131,8.442,47.396,50,53,15,29,Server1,6942726,0.8983050847457628
Server1_334,6.1113,46.1969,50,53,32,20,Server1,28933633,0.8983050847457628
Server1_118,8.442,47.396,50,53,23,37,Server1,19162371,0.8983050847457628
Server1_494,8.4381,47.3965,50,53,16,47,Server1,19258883,0.8983050847457628
Server1_393,8.5301,47.339,50,53,33,33,Server1,17550607,0.8983050847457628
Server1_80,6.2816,46.6275,50,53,16,38,Server1,18454020,0.8983050847457628
Server1_409,9.0878,47.302,50,53,20,30,Server1,7820545,0.8983050847457628
Server1_268,8.6928,47.3512,50,53,33,40,Server1,175892993,0.8983050847457628
Server1_33,8.3925,47.3779,50,53,32,42,Server1,6937749,0.8983050847457628
Server1_425,6.9923,46.3242,50,53,25,24,Server1,17320198,0.8983050847457628
Server1_235,6.1249,46.1855,50,53,34,37,Server1,9055234,0.8983050847457628
Server1_296,8.4552,47.2404,50,53,19,24,Server1,18820355,0.8983050847457628
Server1_65,7.3875,46.9397,50,53,23,42,Server1,17079560,0.8983050847457628
Server1_64,8.4421,47.396,50,53,20,34,Server1,18877958,0.8983050847457628
Server1_154,8.5243,47.3123,50,53,34,44,Server1,18584066,0.8983050847457628
Server1_215,8.5318,47.3741,50,53,33,31,Server1,30567199,0.8983050847457628
Server1_443,7.4377,46.9197,50,52,26,29,Server1,28243202,0.8813559322033898
Server1_357,7.8602,47.2967,50,52,23,24,Server1,19217667,0.8813559322033898
Server1_302,8.9677,47.4611,50,52,22,37,Server1,18682626,0.8813559322033898
Server1_204,7.5419,47.0542,50,52,35,30,Server1,18747393,0.8813559322033898
Server1_332,8.9782,45.9237,50,52,35,31,Server1,28303412,0.8813559322033898
Server1_304,8.6104,47.6887,50,52,21,34,Server1,18020353,0.8813559322033898
Server1_493,8.8564,46.7053,50,52,18,47,Server1,18068742,0.8813559322033898
Server1_351,8.7916,47.205,50,52,36,46,Server1,31105567,0.8813559322033898
Server1_278,8.5611,47.375,50,52,25,26,Server1,16912901,0.8813559322033898
Server1_434,7.6776,46.5216,50,52,32,36,Server1,19287042,0.8813559322033898
Server1_437,7.8577,47.3276,50,52,16,24,Server1,16819972,0.8813559322033898
Server1_325,9.4804,47.0719,50,52,35,35,Server1,19353601,0.8813559322033898
Server1_203,7.0923,46.7695,50,51,25,28,Server1,29065238,0.864406779661017
Server1_423,9.1295,47.4527,50,51,30,43,Server1,29478401,0.864406779661017
Server1_358,7.6779,47.0753,50,51,23,38,Server1,19666178,0.864406779661017
Server1_38,8.3453,47.3594,50,51,35,20,Server1,10496097,0.864406779661017
Server1_273,8.8839,47.1673,50,51,32,45,Server1,17300744,0.864406779661017
Server1_319,9.2008,46.53,50,51,31,22,Server1,18072832,0.864406779661017
Server1_88,8.5102,47.3815,50,51,26,25,Server1,30504993,0.864406779661017
Server1_62,7.4406,46.951,50,51,31,23,Server1,28418325,0.864406779661017
Server1_244,6.8092,46.8295,50,51,16,23,Server1,17219585,0.864406779661017
Server1_295,8.4224,47.3686,50,50,23,32,Server1,19400449,0.847457627118644
Server1_122,8.4421,47.396,50,50,19,29,Server1,18817286,0.847457627118644
Server1_6,8.1743,47.4759,50,50,26,28,Server1,19072771,0.847457627118644
Server1_288,7.9778,47.2205,50,50,23,44,Server1,17744129,0.847457627118644
Server1_308,7.855,47.3365,50,50,29,42,Server1,18891528,0.847457627118644
Server1_255,8.3757,47.1989,50,50,29,40,Server1,17340679,0.847457627118644
Server1_257,9.4347,47.5153,50,50,35,34,Server1,10583211,0.847457627118644
Server1_426,8.4416,47.5227,50,50,27,44,Server1,30602281,0.847457627118644
Server1_484,6.1624,46.2645,50,50,25,29,Server1,19237380,0.847457627118644
Server1_258,8.3353,47.4104,50,50,26,28,Server1,17398786,0.847457627118644
Server1_460,8.419,47.2632,50,50,20,47,Server1,19312390,0.847457627118644
Server1_126,7.3268,46.2177,50,49,35,45,Server1,30253856,0.8305084745762712
Server1_249,8.5459,47.1782,50,49,21,29,Server1,16137733,0.8305084745762712
Server1_191,8.442,47.396,50,49,16,36,Server1,19430916,0.8305084745762712
Server1_55,6.9494,46.3191,50,49,31,31,Server1,17232648,0.8305084745762712
Server1_453,6.8476,46.1979,50,49,17,40,Server1,30222338,0.8305084745762712
Server1_211,8.2872,47.4616,50,49,36,35,Server1,28182559,0.8305084745762712
Server1_487,7.3914,46.9226,50,49,34,43,Server1,28424193,0.8305084745762712
Server1_267,6.1429,46.2109,50,49,22,44,Server1,5395456,0.8305084745762712
Server1_371,8.5585,47.212,50,49,28,46,Server1,30336043,0.8305084745762712
Server1_112,7.1163,46.928,50,49,37,23,Server1,17635074,0.8305084745762712
Server1_275,8.502,47.3647,50,49,21,40,Server1,30490881,0.8305084745762712
Server1_449,6.6739,46.523,50,48,28,31,Server1,29995050,0.8135593220338984
Server1_247,8.3659,47.2294,50,48,27,26,Server1,18585089,0.8135593220338984
Server1_475,7.4435,46.9425,50,48,22,34,Server1,28419349,0.8135593220338984
Server1_210,9.8589,46.8227,50,48,25,40,Server1,17999622,0.8135593220338984
Server1_168,6.241,46.3911,50,48,28,20,Server1,29980417,0.8135593220338984
Server1_141,7.6183,47.053,50,48,35,44,Server1,28468523,0.8135593220338984
Server1_367,9.4898,46.8448,50,48,30,30,Server1,18048512,0.8135593220338984
Server1_254,8.5326,47.3796,50,48,35,42,Server1,17253123,0.8135593220338984
Server1_7,8.9408,46.7257,50,48,20,35,Server1,17276166,0.8135593220338984
Server1_395,8.8329,46.1698,50,48,28,28,Server1,10402048,0.8135593220338984
Server1_167,9.4446,47.0475,50,48,27,33,Server1,29457174,0.8135593220338984
Server1_256,6.1242,46.2107,50,48,27,29,Server1,28268545,0.8135593220338984
Server1_292,8.5434,47.3077,50,47,30,21,Server1,19484163,0.7966101694915254
Server1_127,9.562,47.3676,50,47,29,43,Server1,7785224,0.7966101694915254
Server1_482,8.8661,47.5902,50,47,36,39,Server1,17771010,0.7966101694915254
Server1_2,8.5671,47.3603,50,47,34,32,Server1,20517636,0.7966101694915254
Server1_456,9.0012,47.4713,50,47,34,26,Server1,18906881,0.7966101694915254
Server1_455,9.0304,45.8326,50,47,16,40,Server1,17181188,0.7966101694915254
Server1_213,6.4743,46.4993,50,47,21,25,Server1,5523205,0.7966101694915254
Server1_263,8.2231,47.5459,50,46,33,37,Server1,20897029,0.7796610169491526
Server1_23,9.1679,47.2479,50,46,35,22,Server1,17561089,0.7796610169491526
Server1_182,6.6425,46.7812,50,46,34,27,Server1,28215081,0.7796610169491526
Server1_462,8.5071,47.3862,50,46,36,41,Server1,19362818,0.7796610169491526
Server1_114,9.8564,46.8306,50,46,36,44,Server1,29229078,0.7796610169491526
Server1_138,7.5164,47.025,50,46,33,33,Server1,18830083,0.7796610169491526
Server1_11,7.5842,47.5555,50,46,16,30,Server1,17921028,0.7796610169491526
Server1_56,9.3804,47.5478,50,46,24,23,Server1,16647690,0.7796610169491526
Server1_59,9.023,47.5013,50,46,31,38,Server1,23564042,0.7796610169491526
Server1_317,6.0817,46.2296,50,46,17,22,Server1,19411461,0.7796610169491526
Server1_87,9.3505,47.2032,50,46,36,20,Server1,7818756,0.7796610169491526
Server1_328,8.3444,47.3306,50,46,30,30,Server1,20048130,0.7796610169491526
Server1_116,6.4568,46.6925,50,46,18,30,Server1,19575557,0.7796610169491526
Server1_140,6.1621,46.338,50,46,24,33,Server1,18354949,0.7796610169491526
Server1_212,7.3283,47.0556,50,45,36,37,Server1,19197444,0.7627118644067796
Server1_282,8.442,47.396,50,45,26,39,Server1,17437962,0.7627118644067796
Server1_232,8.5893,47.3474,50,45,27,27,Server1,20799748,0.7627118644067796
Server1_111,7.5182,46.9103,50,45,22,29,Server1,19121409,0.7627118644067796
Server1_223,8.9581,45.9537,50,45,25,36,Server1,17887235,0.7627118644067796
Server1_476,9.7972,46.4887,50,45,23,40,Server1,18132586,0.7627118644067796
Server1_98,7.6306,47.1658,50,45,24,33,Server1,17624580,0.7627118644067796
Server1_161,8.7893,47.5323,50,45,34,20,Server1,7909378,0.7627118644067796
Server1_438,6.6633,46.5147,50,45,34,37,Server1,17492994,0.7627118644067796
Server1_345,6.1802,46.2214,50,45,32,43,Server1,8976137,0.7627118644067796
Server1_100,9.8625,46.524,50,45,17,38,Server1,16785922,0.7627118644067796
Server1_101,8.7308,47.5051,50,45,33,36,Server1,18961411,0.7627118644067796
Server1_324,7.2933,46.7338,50,45,29,29,Server1,28216352,0.7627118644067796
Server1_486,8.5644,47.4376,50,45,33,44,Server1,19608581,0.7627118644067796
Server1_499,8.5346,47.3102,50,45,31,29,Server1,20862473,0.7627118644067796
Server1_297,8.4732,47.4396,50,45,28,45,Server1,20650505,0.7627118644067796
Server1_480,8.4698,47.2147,50,44,15,26,Server1,18767617,0.7457627118644068
Server1_471,7.4488,46.9609,50,44,17,23,Server1,18600966,0.7457627118644068
Server1_243,9.5116,46.8634,50,44,18,20,Server1,19902465,0.7457627118644068
Server1_219,7.4846,46.9956,50,44,23,21,Server1,2648836,0.7457627118644068
Server1_419,8.9693,47.2049,50,44,18,45,Server1,16218884,0.7457627118644068
Server1_95,7.8528,47.3354,50,44,31,41,Server1,19158019,0.7457627118644068
Server1_209,8.6158,47.3343,50,44,25,36,Server1,18037763,0.7457627118644068
Server1_429,8.5805,47.6948,50,44,24,30,Server1,18486785,0.7457627118644068
Server1_368,8.5274,47.1714,50,44,35,25,Server1,18034949,0.7457627118644068
Server1_178,7.712,47.2011,50,44,31,25,Server1,17005825,0.7457627118644068
Server1_48,7.5842,47.5555,50,43,27,35,Server1,16788225,0.7288135593220338
Server1_137,6.5848,46.5472,50,43,33,44,Server1,18375172,0.7288135593220338
Server1_27,8.5236,47.3592,50,43,22,30,Server1,30627585,0.7288135593220338
Server1_241,8.5558,47.4542,50,43,28,47,Server1,20798209,0.7288135593220338
Server1_139,8.4683,47.217,50,43,31,45,Server1,20867330,0.7288135593220338
Server1_477,8.273,47.0817,50,43,24,45,Server1,16913158,0.7288135593220338
Server1_246,7.5882,47.5657,50,43,26,37,Server1,18614531,0.7288135593220338
Server1_436,8.3065,47.4711,50,43,16,34,Server1,10523504,0.7288135593220338
Server1_67,9.6904,46.6914,50,43,37,27,Server1,29208598,0.7288135593220338
Server1_323,7.4369,46.9482,50,43,23,43,Server1,2661890,0.7288135593220338
Server1_231,7.2978,46.8768,50,43,35,37,Server1,18548485,0.7288135593220338
Server1_398,7.7936,46.6988,50,43,16,37,Server1,17544961,0.7288135593220338
Server1_497,7.8647,46.3005,50,42,27,36,Server1,19348745,0.711864406779661
Server1_151,8.442,47.396,50,42,37,20,Server1,7616214,0.711864406779661
Server1_300,8.4265,47.4052,50,42,20,46,Server1,18095365,0.711864406779661
Server1_474,8.302,47.0606,50,42,23,29,Server1,18242051,0.711864406779661
Server1_289,7.7291,46.9221,50,42,25,44,Server1,28436225,0.711864406779661
Server1_52,8.8305,47.5403,50,42,22,28,Server1,17177858,0.711864406779661
Server1_239,8.8682,47.1868,50,42,28,34,Server1,7260597,0.711864406779661
Server1_344,6.4291,46.699,50,42,30,21,Server1,17661187,0.711864406779661
Server1_76,8.5129,47.2112,50,42,21,33,Server1,19095553,0.711864406779661
Server1_411,7.7605,47.5404,50,42,20,40,Server1,17691653,0.711864406779661
Server1_392,9.8531,46.8125,50,41,29,20,Server1,16781572,0.6949152542372882
Server1_222,7.4533,46.9484,50,41,33,20,Server1,28416021,0.6949152542372882
Server1_19,8.2144,47.385,50,41,24,33,Server1,16903429,0.6949152542372882
Server1_183,9.5109,46.8572,50,41,24,44,Server1,29188355,0.6949152542372882
Server1_39,8.442,47.396,50,41,22,30,Server1,18271493,0.6949152542372882
Server1_467,6.6454,46.5136,50,40,22,39,Server1,16858625,0.6779661016949152
Server1_350,6.7139,46.5024,50,40,25,23,Server1,19185667,0.6779661016949152
Server1_233,9.5614,46.757,50,40,36,45,Server1,18167810,0.6779661016949152
Server1_320,7.2399,47.1497,50,40,16,32,Server1,20272139,0.6779661016949152
Server1_364,6.8665,46.9663,50,40,23,22,Server1,17204745,0.6779661016949152
Server1_500,8.442,47.396,50,40,35,34,Server1,17027331,0.6779661016949152
Server1_86,8.6017,47.4074,50,40,30,38,Server1,19002117,0.6779661016949152
Server1_157,8.5592,47.1766,50,40,25,39,Server1,17390085,0.6779661016949152
Server1_49,8.7968,47.5348,50,40,15,28,Server1,18584326,0.6779661016949152
Server1_142,7.8106,47.0977,50,40,33,37,Server1,28438531,0.6779661016949152
Server1_221,8.0912,46.749,50,39,21,40,Server1,28506881,0.6610169491525424
Server1_169,7.9422,47.3545,50,39,29,22,Server1,18673925,0.6610169491525424
Server1_155,7.9954,46.3214,50,39,28,32,Server1,17893892,0.6610169491525424
Server1_303,8.1777,47.3956,50,39,21,34,Server1,6909983,0.6610169491525424
Server1_340,9.5545,46.6733,50,39,22,31,Server1,19530501,0.6610169491525424
Server1_390,8.5296,47.4488,50,39,19,21,Server1,18280197,0.6610169491525424
Server1_417,8.4175,47.4063,50,39,33,38,Server1,30482475,0.6610169491525424
Server1_189,8.3407,47.3012,50,39,29,42,Server1,20868613,0.6610169491525424
Server1_57,7.279,46.4668,50,39,26,32,Server1,16783109,0.6610169491525424
Server1_50,8.2421,46.688,50,39,26,41,Server1,18288897,0.6610169491525424
Server1_44,8.4724,47.1983,50,39,28,43,Server1,17435655,0.6610169491525424
Server1_25,7.5892,47.5475,50,39,28,37,Server1,17271299,0.6610169491525424
Server1_492,7.1391,46.8168,50,39,20,34,Server1,17673476,0.6610169491525424
Server1_498,8.2916,47.4446,50,39,19,41,Server1,28172330,0.6610169491525424
Server1_261,6.1149,46.1885,50,39,32,30,Server1,28940290,0.6610169491525424
Server1_251,8.5412,47.3741,50,39,35,44,Server1,19132678,0.6610169491525424
Server1_200,7.4399,46.9489,50,38,24,27,Server1,17762052,0.6440677966101694
Server1_34,6.963,46.8645,50,38,32,36,Server1,21777418,0.6440677966101694
Server1_107,6.1404,46.2751,50,38,28,45,Server1,28965929,0.6440677966101694
Server1_103,8.5881,47.4287,50,38,31,43,Server1,29826327,0.6440677966101694
Server1_383,7.6321,47.5673,50,38,21,39,Server1,17184261,0.6440677966101694
Server1_416,7.565,47.0694,50,38,20,42,Server1,18711810,0.6440677966101694
Server1_77,7.5703,47.5696,50,38,31,25,Server1,18587652,0.6440677966101694
Server1_53,8.1691,47.3948,50,38,30,24,Server1,18774790,0.6440677966101694
Server1_35,6.6268,46.7535,50,38,37,42,Server1,19851528,0.6440677966101694
Server1_265,7.8584,47.339,50,38,27,42,Server1,18786311,0.6440677966101694
Server1_298,8.5349,47.4031,50,38,29,43,Server1,20523785,0.6440677966101694
Server1_12,6.1345,46.1954,50,38,32,41,Server1,18418693,0.6440677966101694
Server1_214,7.5919,47.5542,50,37,29,35,Server1,17966085,0.6271186440677966
Server1_14,7.6237,47.5404,50,37,26,31,Server1,28676137,0.6271186440677966
Server1_280,7.9554,47.3511,50,37,27,46,Server1,13166097,0.6271186440677966
Server1_369,8.5384,47.3747,50,37,35,36,Server1,30683394,0.6271186440677966
Server1_342,7.1177,46.697,50,37,24,42,Server1,29082911,0.6271186440677966
Server1_439,7.9078,47.3524,50,37,17,39,Server1,19644423,0.6271186440677966
Server1_199,6.7324,46.4978,50,37,32,23,Server1,17857793,0.6271186440677966
Server1_377,7.9741,47.3563,50,37,22,47,Server1,18663940,0.6271186440677966
Server1_264,7.7868,46.1095,50,37,23,38,Server1,18433538,0.6271186440677966
Server1_381,9.2531,47.4114,50,37,22,35,Server1,29447979,0.6271186440677966
Server1_385,8.7179,47.7397,50,37,24,30,Server1,32005142,0.6271186440677966
Server1_144,8.1181,47.1735,50,37,30,34,Server1,16893186,0.6271186440677966
Server1_355,7.6416,47.0775,50,37,24,37,Server1,18733316,0.6271186440677966
Server1_192,8.5252,47.3477,50,36,37,41,Server1,17205252,0.6101694915254238
Server1_158,7.3797,46.9267,50,36,15,40,Server1,19215619,0.6101694915254238
Server1_422,6.9633,46.6099,50,36,26,27,Server1,29084418,0.6101694915254238
Server1_216,7.4502,46.9402,50,36,23,28,Server1,17266434,0.6101694915254238
Server1_205,7.5846,46.787,50,36,28,43,Server1,28219945,0.6101694915254238
Server1_145,8.3496,47.6021,50,36,26,46,Server1,2581781,0.6101694915254238
Server1_408,8.4451,47.3963,50,36,19,28,Server1,7655188,0.6101694915254238
Server1_313,7.6685,46.4908,50,36,29,43,Server1,18287105,0.6101694915254238
Server1_147,7.5892,47.5558,50,36,21,32,Server1,17131265,0.6101694915254238
Server1_217,7.4075,46.9434,50,36,29,36,Server1,28444448,0.6101694915254238
Server1_128,8.2127,47.4733,50,36,29,25,Server1,17385474,0.6101694915254238
Server1_198,8.7438,47.4932,50,36,15,20,Server1,18487557,0.6101694915254238
Server1_120,7.7581,46.3554,50,36,31,28,Server1,17958148,0.6101694915254238
Server1_117,6.9369,46.3169,50,36,23,32,Server1,29454502,0.6101694915254238
Server1_286,7.4529,46.9483,50,36,32,46,Server1,2972191,0.6101694915254238
Server1_418,6.572,46.6802,50,36,31,38,Server1,5274384,0.6101694915254238
Server1_32,7.2414,47.1332,50,36,15,41,Server1,17380869,0.6101694915254238
Server1_446,9.3554,47.3883,50,36,23,28,Server1,17312258,0.6101694915254238
Server1_177,9.4753,47.0705,50,36,25,41,Server1,29463831,0.6101694915254238
Server1_218,6.525,46.6545,50,36,20,40,Server1,18387463,0.6101694915254238
Server1_17,8.7968,46.1659,50,35,33,45,Server1,18796801,0.5932203389830508
Server1_61,8.5095,47.3817,50,35,37,38,Server1,30650911,0.5932203389830508
Server1_384,8.442,47.396,50,35,37,29,Server1,17398531,0.5932203389830508
Server1_71,7.6313,46.7084,50,35,35,20,Server1,2671366,0.5932203389830508
Server1_179,8.3887,47.113,50,34,18,38,Server1,19016449,0.576271186440678
Server1_266,7.9934,46.6731,50,34,18,35,Server1,16990725,0.576271186440678
Server1_99,8.5454,47.3703,50,34,36,26,Server1,19774730,0.576271186440678
Server1_94,8.8019,47.2244,50,34,23,39,Server1,16933639,0.576271186440678
Server1_73,8.442,47.396,50,34,24,20,Server1,17346049,0.576271186440678
Server1_343,8.6665,47.0153,50,34,35,44,Server1,17734659,0.576271186440678
Server1_433,8.9806,46.3215,50,34,24,45,Server1,29726762,0.576271186440678
Server1_37,7.6929,47.2597,50,33,21,46,Server1,17391111,0.559322033898305
Server1_452,10.3098,46.5838,50,33,23,42,Server1,19615746,0.559322033898305
Server1_28,8.1777,47.3956,50,33,15,41,Server1,6942810,0.559322033898305
Server1_180,9.4976,47.0687,50,33,16,22,Server1,652807,0.559322033898305
Server1_495,8.3065,47.4711,50,33,35,41,Server1,28224031,0.559322033898305
Server1_45,6.6491,46.531,50,33,21,20,Server1,19693829,0.559322033898305
Server1_483,7.6823,47.2583,50,33,35,29,Server1,18849538,0.559322033898305
Server1_113,8.5264,47.3758,50,33,16,29,Server1,17159941,0.559322033898305
Server1_92,8.458,46.9734,50,33,22,25,Server1,18592772,0.559322033898305
Server1_15,7.2113,46.958,50,33,18,41,Server1,20035334,0.559322033898305
Server1_349,9.1785,46.281,50,32,34,45,Server1,29217568,0.5423728813559322
Server1_271,8.5544,47.3552,50,32,27,26,Server1,10531122,0.5423728813559322
Server1_283,7.0127,46.8789,50,32,16,31,Server1,18384385,0.5423728813559322
Server1_108,8.521,47.3739,50,32,29,34,Server1,17474561,0.5423728813559322
Server1_173,8.4858,47.3681,50,32,37,38,Server1,20800265,0.5423728813559322
Server1_441,6.9161,46.4466,50,32,23,44,Server1,17123332,0.5423728813559322
Server1_152,9.8345,46.9006,50,32,34,34,Server1,19368963,0.5423728813559322
Server1_242,8.1617,47.4609,50,32,26,35,Server1,28184323,0.5423728813559322
Server1_374,9.5058,47.1362,50,31,27,32,Server1,7795718,0.5254237288135594
Server1_207,6.2022,46.3817,50,31,19,43,Server1,17437452,0.5254237288135594
Server1_125,7.5849,47.5676,50,31,20,25,Server1,6870700,0.5254237288135594
Server1_410,9.264,47.6953,50,31,34,35,Server1,30488107,0.5254237288135594
Server1_75,8.2841,47.3496,50,31,27,33,Server1,28186371,0.5254237288135594
Server1_428,8.4841,47.3019,50,31,34,31,Server1,18118916,0.5254237288135594
Server1_132,9.3003,47.4106,50,31,21,42,Server1,7839752,0.5254237288135594
Server1_227,8.3849,47.4593,50,31,27,26,Server1,19216134,0.5254237288135594
Server1_245,7.897,46.3151,50,31,23,30,Server1,18157575,0.5254237288135594
Server1_388,8.5832,47.6932,50,31,23,41,Server1,18035204,0.5254237288135594
Server1_321,9.1443,47.631,50,31,15,21,Server1,17415940,0.5254237288135594
Server1_285,6.5689,46.674,50,31,22,28,Server1,18318089,0.5254237288135594
Server1_230,7.0756,46.107,50,31,23,33,Server1,16890625,0.5254237288135594
Server1_316,7.6245,46.7388,50,31,31,32,Server1,2667529,0.5254237288135594
Server1_352,6.6992,46.7665,50,31,20,41,Server1,17399553,0.5254237288135594
Server1_376,7.8104,47.4342,50,31,22,35,Server1,18927365,0.5254237288135594
Server1_20,6.5263,46.6539,50,30,23,45,Server1,18387457,0.5084745762711864
Server1_363,10.2149,46.7849,50,30,33,36,Server1,18023681,0.5084745762711864
Server1_361,9.4845,47.1459,50,30,16,31,Server1,17382406,0.5084745762711864
Server1_163,8.6966,47.2508,50,30,21,38,Server1,17174017,0.5084745762711864
Server1_63,7.5337,47.2013,50,30,19,45,Server1,18521091,0.5084745762711864
Server1_312,7.9848,47.3712,50,30,37,25,Server1,19207938,0.5084745762711864
Server1_262,8.442,47.396,50,30,35,31,Server1,17540104,0.5084745762711864
Server1_378,7.3134,46.8697,50,30,32,21,Server1,29386777,0.5084745762711864
Server1_16,7.3829,46.9452,50,30,37,39,Server1,19674883,0.5084745762711864
Server1_330,8.3655,47.4423,50,30,30,21,Server1,10530619,0.5084745762711864
Server1_305,6.645,46.5147,50,30,33,32,Server1,29958657,0.5084745762711864
Server1_387,6.8186,46.5296,50,30,16,35,Server1,18521604,0.5084745762711864
Server1_391,8.2395,47.4978,50,30,36,39,Server1,6408714,0.5084745762711864
Server1_412,8.2366,47.4225,50,30,18,23,Server1,28188181,0.5084745762711864
Server1_469,7.108,46.9113,50,30,23,34,Server1,5368325,0.5084745762711864
Server1_407,7.5915,47.5535,50,30,15,24,Server1,18988802,0.5084745762711864
Server1_424,7.0888,46.7387,50,30,34,20,Server1,29085994,0.5084745762711864
Server1_74,7.9427,46.6111,50,29,34,27,Server1,28487426,0.4915254237288136
Server1_47,8.3008,47.0175,50,29,30,30,Server1,18446599,0.4915254237288136
Server1_40,7.2465,47.1404,50,29,30,40,Server1,17909762,0.4915254237288136
Server1_8,6.7703,46.5008,50,29,35,43,Server1,19904772,0.4915254237288136
Server1_362,7.2455,47.1382,50,29,37,27,Server1,17563906,0.4915254237288136
Server1_201,7.6363,47.5336,50,29,36,39,Server1,19124486,0.4915254237288136
Server1_187,6.5157,46.5217,50,29,28,40,Server1,19712260,0.4915254237288136
Server1_143,6.1106,46.1871,50,29,31,27,Server1,28969218,0.4915254237288136
Server1_290,9.419,47.3734,50,29,31,41,Server1,28288003,0.4915254237288136
Server1_176,8.4885,47.3872,50,29,20,32,Server1,18576897,0.4915254237288136
Server1_336,8.5489,47.4171,50,29,21,30,Server1,20915458,0.4915254237288136
Server1_272,9.0662,47.097,50,28,17,35,Server1,24722186,0.4745762711864407
Server1_430,7.4492,46.894,50,28,30,40,Server1,18531585,0.4745762711864407
Server1_134,7.7465,47.5251,50,28,22,27,Server1,6872956,0.4745762711864407
Server1_248,7.7169,47.5354,50,28,19,43,Server1,10524408,0.4745762711864407
Server1_331,8.4421,47.396,50,28,16,24,Server1,18586626,0.4745762711864407
Server1_234,7.5886,47.5604,50,27,33,25,Server1,17131268,0.4576271186440678
Server1_310,8.3409,47.3351,50,27,20,39,Server1,20902914,0.4576271186440678
Server1_415,7.2162,46.9401,50,27,29,25,Server1,29086741,0.4576271186440678
Server1_270,8.8863,47.1626,50,27,31,20,Server1,17553155,0.4576271186440678
Server1_58,7.7614,47.2987,50,27,20,37,Server1,18847235,0.4576271186440678
Server1_478,7.81,46.6928,50,26,19,41,Server1,17544961,0.4406779661016949
Server1_171,7.5887,47.5472,50,26,19,44,Server1,17792260,0.4406779661016949
Server1_123,8.449,47.1918,50,26,30,25,Server1,30346282,0.4406779661016949
Server1_397,8.5148,47.3582,50,26,32,23,Server1,17936644,0.4406779661016949
Server1_4,8.031,47.33,50,26,28,40,Server1,18770181,0.4406779661016949
Server1_82,7.7477,46.0232,50,26,31,43,Server1,17941253,0.4406779661016949
Server1_440,7.489,47.155,50,26,34,38,Server1,18057473,0.4406779661016949
Server1_10,7.4926,46.864,50,26,30,30,Server1,18932230,0.4406779661016949
Server1_382,6.1488,46.2476,50,26,15,26,Server1,19046918,0.4406779661016949
Server1_206,7.284,47.1309,50,26,19,30,Server1,17380358,0.4406779661016949
Server1_274,8.9282,46.06,50,26,29,38,Server1,29721887,0.4406779661016949
Server1_347,7.1578,47.0942,50,25,29,41,Server1,19402243,0.423728813559322
Server1_353,7.4091,46.943,50,25,35,28,Server1,19158277,0.423728813559322
Server1_496,6.8681,46.449,50,25,37,28,Server1,17270274,0.423728813559322
Server1_400,7.464,46.9688,50,25,32,41,Server1,28256277,0.423728813559322
Server1_450,6.9635,46.2734,50,25,26,44,Server1,20036609,0.423728813559322
Server1_184,8.969,46.7339,50,25,15,23,Server1,18993411,0.423728813559322
Server1_170,7.9874,46.6675,50,25,19,34,Server1,17616897,0.423728813559322
Server1_421,8.4749,47.3903,50,25,20,25,Server1,18970371,0.423728813559322
Server1_284,8.2293,47.5138,50,24,19,42,Server1,19066886,0.4067796610169492
Server1_159,8.9714,45.9376,50,24,24,24,Server1,28303391,0.4067796610169492
Server1_306,7.4404,46.2544,50,24,16,37,Server1,19845636,0.4067796610169492
Server1_463,8.4421,47.396,50,24,19,46,Server1,16915463,0.4067796610169492
Server1_468,8.2951,47.0335,50,24,28,20,Server1,18771202,0.4067796610169492
Server1_54,8.4677,47.4925,50,24,27,46,Server1,30564639,0.4067796610169492
Server1_162,8.3947,47.1232,50,24,15,26,Server1,29327895,0.4067796610169492
Server1_124,6.6347,46.5169,50,24,34,26,Server1,5153026,0.4067796610169492
Server1_18,8.1768,47.3906,50,24,25,32,Server1,10527625,0.4067796610169492
Server1_119,8.5625,47.4505,50,24,31,22,Server1,30500356,0.4067796610169492
Server1_432,7.1994,46.7691,50,24,31,38,Server1,3498753,0.4067796610169492
Server1_389,9.2516,47.4215,50,24,28,40,Server1,16818177,0.4067796610169492
Server1_81,7.9142,47.3587,50,23,23,46,Server1,29568545,0.3898305084745763
Server1_260,6.6005,46.5828,50,23,33,20,Server1,19923201,0.3898305084745763
Server1_490,8.5999,47.3964,50,23,19,45,Server1,10531500,0.3898305084745763
Server1_370,6.6214,46.5422,50,23,23,43,Server1,5156105,0.3898305084745763
Server1_485,9.0892,47.2954,50,23,34,22,Server1,7821066,0.3898305084745763
Server1_279,8.5321,47.3853,50,23,33,26,Server1,18553348,0.3898305084745763
Server1_481,8.2383,47.432,50,23,35,23,Server1,32258080,0.3898305084745763
Server1_451,6.151,46.2022,50,23,15,41,Server1,28940842,0.3898305084745763
Server1_402,7.4629,46.9957,50,23,30,39,Server1,18981890,0.3898305084745763
Server1_287,6.8681,46.4669,50,23,35,29,Server1,5229062,0.3898305084745763
Server1_220,7.858,47.3109,50,23,16,42,Server1,17148429,0.3898305084745763
Server1_84,8.7327,47.5083,50,23,29,40,Server1,20820224,0.3898305084745763
Server1_148,7.3187,47.1681,50,23,37,43,Server1,9942079,0.3898305084745763
Server1_175,7.2364,47.0217,50,23,28,34,Server1,28486934,0.3898305084745763
Server1_22,8.01,46.941,50,23,32,25,Server1,16257280,0.3898305084745763
Server1_309,6.622,46.5506,50,22,20,31,Server1,29955873,0.3728813559322034
Server1_31,7.5898,47.5477,50,22,15,24,Server1,18078469,0.3728813559322034
Server1_366,6.4965,46.5133,50,22,17,35,Server1,5523204,0.3728813559322034
Server1_277,9.8115,46.784,50,22,24,38,Server1,18664450,0.3728813559322034
Server1_333,9.4201,47.5242,50,22,28,26,Server1,16754432,0.3728813559322034
Server1_454,7.6709,47.1224,50,22,16,39,Server1,2876930,0.3728813559322034
Server1_457,8.6424,46.8193,50,22,27,34,Server1,19422209,0.3728813559322034
Server1_194,7.3846,46.9271,50,22,36,41,Server1,19215618,0.3728813559322034
Server1_197,6.1308,46.2157,50,22,31,38,Server1,18408450,0.3728813559322034
Server1_41,8.4275,47.4044,50,22,32,41,Server1,19019526,0.3728813559322034
Server1_70,7.6313,46.8759,50,22,16,27,Server1,19929089,0.3728813559322034
Server1_259,6.1586,46.2042,50,21,30,36,Server1,18089217,0.3559322033898305
Server1_13,8.3781,47.3488,50,21,29,20,Server1,20048385,0.3559322033898305
Server1_479,7.6541,47.5353,50,21,37,25,Server1,17837316,0.3559322033898305
Server1_229,8.5546,47.3577,50,21,29,47,Server1,7632959,0.3559322033898305
Server1_186,8.4717,46.9676,50,21,23,37,Server1,18592773,0.3559322033898305
Server1_354,6.1352,46.2144,50,21,33,27,Server1,8989956,0.3559322033898305
Server1_291,8.3533,47.4339,50,21,31,23,Server1,28172074,0.3559322033898305
Server1_78,9.7407,47.405,50,21,30,42,Server1,19439622,0.3559322033898305
Server1_224,8.5348,47.3999,50,21,34,46,Server1,19569922,0.3559322033898305
Server1_396,6.693,46.8421,50,21,31,22,Server1,17944585,0.3559322033898305
Server1_196,8.0166,46.8816,50,20,23,21,Server1,18197251,0.3389830508474576
Server1_339,8.0336,47.5426,50,20,29,45,Server1,6604808,0.3389830508474576
Server1_338,8.9862,45.8753,50,20,35,29,Server1,10351364,0.3389830508474576
Server1_146,8.5362,47.366,50,20,15,44,Server1,4029095,0.3389830508474576
Server1_91,8.445,47.3967,50,20,25,47,Server1,17783812,0.3389830508474576
Server1_315,7.8536,47.3358,50,20,25,44,Server1,17158148,0.3389830508474576
Server1_401,6.7173,46.4896,50,20,24,42,Server1,5131268,0.3389830508474576
Server1_149,7.1587,46.8049,50,20,36,25,Server1,18701318,0.3389830508474576
Server1_372,8.041,46.6596,50,20,16,38,Server1,28461569,0.3389830508474576
Server1_427,8.5769,47.4107,50,19,21,37,Server1,19408899,0.3220338983050847
Server1_394,7.4344,46.9437,50,19,17,34,Server1,19664642,0.3220338983050847
Server1_96,8.5397,47.3762,50,19,24,20,Server1,19896324,0.3220338983050847
Server1_337,7.2032,46.8299,50,19,27,24,Server1,17338629,0.3220338983050847
Server1_104,7.4834,46.9316,50,19,19,24,Server1,28446486,0.3220338983050847
Server1_318,7.4457,46.9167,50,18,35,28,Server1,17077509,0.3050847457627119
Server1_269,8.8887,47.1514,50,18,20,22,Server1,19424515,0.3050847457627119
Server1_110,8.6674,47.4228,50,18,27,37,Server1,17317641,0.3050847457627119
Server1_160,9.5076,47.0928,50,18,22,37,Server1,17369857,0.3050847457627119
Server1_106,7.5684,47.5725,50,18,36,44,Server1,17129985,0.3050847457627119
Server1_448,7.7203,47.5176,50,18,16,38,Server1,28674099,0.3050847457627119
Server1_240,9.3897,47.4341,50,18,18,40,Server1,7710473,0.3050847457627119
Server1_406,7.5949,47.589,50,18,28,44,Server1,16849676,0.3050847457627119
Server1_445,7.9075,47.321,50,18,20,34,Server1,6423558,0.3050847457627119
Server1_150,7.1018,46.791,50,18,31,36,Server1,29065257,0.3050847457627119
Server1_153,9.4241,47.0455,50,18,25,35,Server1,10596553,0.3050847457627119
Server1_202,7.4199,46.9444,50,18,19,21,Server1,18616324,0.3050847457627119
Server1_164,8.1968,47.4118,50,18,16,39,Server1,16907271,0.3050847457627119
Server1_133,7.7819,47.3323,50,17,28,27,Server1,17148673,0.288135593220339
Server1_105,8.5388,47.3634,50,17,15,36,Server1,19324932,0.288135593220339
Server1_379,7.3917,46.9402,50,17,28,29,Server1,28545794,0.288135593220339
Server1_375,8.5092,47.3781,50,17,30,26,Server1,20482057,0.288135593220339
Server1_30,8.1313,47.4023,50,17,17,41,Server1,18882818,0.288135593220339
Server1_66,8.406,47.4098,50,17,35,26,Server1,10519679,0.288135593220339
Server1_165,7.9063,47.3508,50,17,16,23,Server1,7003072,0.288135593220339
Server1_373,8.4507,47.3989,50,17,18,45,Server1,18089729,0.288135593220339
Server1_464,8.4421,47.396,50,17,15,23,Server1,18806019,0.288135593220339
Server1_346,8.297,47.0356,50,17,35,45,Server1,29312543,0.288135593220339
Server1_42,6.9438,46.2299,50,17,20,44,Server1,18051842,0.288135593220339
Server1_405,8.5538,47.3656,50,17,26,23,Server1,19024897,0.288135593220339
Server1_276,8.4421,47.396,50,17,21,41,Server1,17236484,0.288135593220339
Server1_226,9.4687,47.0325,50,17,36,39,Server1,29503519,0.288135593220339
Server1_431,7.6336,47.5361,50,16,25,46,Server1,19776515,0.2711864406779661
Server1_360,8.6111,47.2162,50,16,25,43,Server1,30556457,0.2711864406779661
Server1_5,7.9934,47.541,50,16,32,41,Server1,17692930,0.2711864406779661
Server1_109,8.2789,47.031,50,16,20,31,Server1,18771462,0.2711864406779661
Server1_36,7.6201,47.5448,50,16,30,46,Server1,13100816,0.2711864406779661
Server1_238,8.3983,47.4249,50,16,23,27,Server1,16798727,0.2711864406779661
Server1_83,8.2684,47.357,50,16,24,38,Server1,28169218,0.2711864406779661
Server1_326,7.4254,46.9405,50,16,36,40,Server1,19696132,0.2711864406779661
Server1_386,7.4002,46.9426,50,16,17,45,Server1,2593034,0.2711864406779661
Server1_253,8.7699,47.5188,50,15,16,30,Server1,30513411,0.2542372881355932
Server1_403,8.6651,47.4248,50,15,18,20,Server1,4970517,0.2542372881355932
Server1_359,7.5255,47.1958,50,15,21,37,Server1,29587587,0.2542372881355932
Server1_85,8.4421,47.396,50,15,26,35,Server1,6901355,0.2542372881355932
Server1_43,6.1244,46.1837,50,15,28,41,Server1,18280451,0.2542372881355932
Server1_465,7.3019,46.8934,50,15,26,27,Server1,18480898,0.2542372881355932
Server1_299,8.8642,47.5577,50,15,18,25,Server1,10588874,0.2542372881355932
Server1_327,8.5457,47.2803,50,15,32,35,Server1,30480939,0.2542372881355932
Server1_442,7.5935,47.5537,50,15,31,43,Server1,17126403,0.2542372881355932
Server1_250,7.0649,46.7705,50,15,27,28,Server1,29075243,0.2542372881355932
Server1_341,6.9496,46.6032,50,15,21,28,Server1,29084417,0.2542372881355932
Server1_252,8.1412,46.8329,50,15,35,22,Server1,31235863,0.2542372881355932
Server1_156,7.0548,46.8959,50,15,15,46,Server1,18245889,0.2542372881355932
